2026-08-04T16:03:24.093+05:30  INFO 7284 --- [bookstore] [SpringApplicationShutdownHook] o.s.boot.tomcat.GracefulShutdown         : Commencing graceful shutdown. Waiting for active requests to complete
2026-08-04T16:03:24.329+05:30  INFO 7284 --- [bookstore] [tomcat-shutdown] o.s.boot.tomcat.GracefulShutdown         : Graceful shutdown complete
2026-08-04T16:03:24.333+05:30  INFO 7284 --- [bookstore] [SpringApplicationShutdownHook] j.LocalContainerEntityManagerFactoryBean : Closing JPA EntityManagerFactory for persistence unit 'default'
2026-08-04T16:03:24.334+05:30  INFO 7284 --- [bookstore] [SpringApplicationShutdownHook] com.zaxxer.hikari.HikariDataSource       : HikariPool-1 - Shutdown initiated...
2026-08-04T16:03:24.338+05:30  INFO 7284 --- [bookstore] [SpringApplicationShutdownHook] com.zaxxer.hikari.HikariDataSource       : HikariPool-1 - Shutdown completed.
2026-08-04T16:03:26.982+05:30  INFO 5000 --- [bookstore] [main] com.tss.bookstore.BookstoreApplication   : Starting BookstoreApplication using Java 18.0.2.1 with PID 5000 (C:\prince\assignment1\bookstore\target\classes started by Prince.Kakadiya in C:\prince\assignment1\bookstore)
2026-08-04T16:03:26.986+05:30  INFO 5000 --- [bookstore] [main] com.tss.bookstore.BookstoreApplication   : No active profile set, falling back to 1 default profile: "default"
2026-08-04T16:03:28.141+05:30  INFO 5000 --- [bookstore] [main] .s.d.r.c.RepositoryConfigurationDelegate : Bootstrapping Spring Data JPA repositories in DEFAULT mode.
2026-08-04T16:03:28.243+05:30  INFO 5000 --- [bookstore] [main] .s.d.r.c.RepositoryConfigurationDelegate : Finished Spring Data repository scanning in 93 ms. Found 9 JPA repository interfaces.
2026-08-04T16:03:28.734+05:30  INFO 5000 --- [bookstore] [main] o.s.boot.tomcat.TomcatWebServer          : Tomcat initialized with port 8080 (http)
2026-08-04T16:03:28.750+05:30  INFO 5000 --- [bookstore] [main] o.apache.catalina.core.StandardService   : Starting service [Tomcat]
2026-08-04T16:03:28.751+05:30  INFO 5000 --- [bookstore] [main] o.apache.catalina.core.StandardEngine    : Starting Servlet engine: [Apache Tomcat/11.0.22]
2026-08-04T16:03:28.828+05:30  INFO 5000 --- [bookstore] [main] b.w.c.s.WebApplicationContextInitializer : Root WebApplicationContext: initialization completed in 1784 ms
2026-08-04T16:03:29.053+05:30  INFO 5000 --- [bookstore] [main] org.hibernate.orm.jpa                    : HHH008540: Processing PersistenceUnitInfo [name: default]
2026-08-04T16:03:29.204+05:30  INFO 5000 --- [bookstore] [main] org.hibernate.orm.core                   : HHH000001: Hibernate ORM core version 7.4.1.Final
2026-08-04T16:03:29.660+05:30  INFO 5000 --- [bookstore] [main] o.s.o.j.p.SpringPersistenceUnitInfo      : No LoadTimeWeaver setup: ignoring JPA class transformer
2026-08-04T16:03:29.692+05:30  INFO 5000 --- [bookstore] [main] com.zaxxer.hikari.HikariDataSource       : HikariPool-1 - Starting...
2026-08-04T16:03:29.911+05:30  INFO 5000 --- [bookstore] [main] com.zaxxer.hikari.pool.HikariPool        : HikariPool-1 - Added connection org.postgresql.jdbc.PgConnection@5ddd84d2
2026-08-04T16:03:29.914+05:30  INFO 5000 --- [bookstore] [main] com.zaxxer.hikari.HikariDataSource       : HikariPool-1 - Start completed.
2026-08-04T16:03:29.987+05:30  INFO 5000 --- [bookstore] [main] org.hibernate.orm.connections.pooling    : HHH10001005: Database info:
	Database JDBC URL [jdbc:postgresql://localhost:5432/bookstore_db]
	Database driver: PostgreSQL JDBC Driver
	Database dialect: PostgreSQLDialect
	Database version: 18.4
	Default catalog/schema: bookstore_db/public
	Autocommit mode: undefined/unknown
	Isolation level: READ_COMMITTED [default READ_COMMITTED]
	JDBC fetch size: none
	Pool: DataSourceConnectionProvider
	Minimum pool size: undefined/unknown
	Maximum pool size: undefined/unknown
2026-08-04T16:03:31.976+05:30  INFO 5000 --- [bookstore] [main] org.hibernate.orm.core                   : HHH000489: No JTA platform available (set 'hibernate.transaction.jta.platform' to enable JTA platform integration)
2026-08-04T16:03:32.101+05:30  INFO 5000 --- [bookstore] [main] j.LocalContainerEntityManagerFactoryBean : Initialized JPA EntityManagerFactory for persistence unit 'default'
2026-08-04T16:03:32.182+05:30  INFO 5000 --- [bookstore] [main] o.s.d.j.r.query.QueryEnhancerFactories   : Hibernate is in classpath; If applicable, HQL parser will be used.
2026-08-04T16:03:33.079+05:30  WARN 5000 --- [bookstore] [main] JpaBaseConfiguration$JpaWebConfiguration : spring.jpa.open-in-view is enabled by default. Therefore, database queries may be performed during view rendering. Explicitly configure spring.jpa.open-in-view to disable this warning
2026-08-04T16:03:33.595+05:30  INFO 5000 --- [bookstore] [main] o.s.boot.tomcat.TomcatWebServer          : Tomcat started on port 8080 (http) with context path '/'
2026-08-04T16:03:33.608+05:30  INFO 5000 --- [bookstore] [main] com.tss.bookstore.BookstoreApplication   : Started BookstoreApplication in 7.202 seconds (process running for 7.889)
2026-08-04T16:03:39.034+05:30  INFO 5000 --- [bookstore] [http-nio-8080-exec-1] o.a.c.c.C.[Tomcat].[localhost].[/]       : Initializing Spring DispatcherServlet 'dispatcherServlet'
2026-08-04T16:03:39.035+05:30  INFO 5000 --- [bookstore] [http-nio-8080-exec-1] o.s.web.servlet.DispatcherServlet        : Initializing Servlet 'dispatcherServlet'
2026-08-04T16:03:39.036+05:30  INFO 5000 --- [bookstore] [http-nio-8080-exec-1] o.s.web.servlet.DispatcherServlet        : Completed initialization in 1 ms
2026-08-04T16:03:39.129+05:30  WARN 5000 --- [bookstore] [http-nio-8080-exec-1] c.t.b.exception.GlobalExceptionHandler   : Resource not found: User not found with id : 160 | URI: /app/orders/user/160
2026-08-04T16:06:24.811+05:30  INFO 5000 --- [bookstore] [SpringApplicationShutdownHook] o.s.boot.tomcat.GracefulShutdown         : Commencing graceful shutdown. Waiting for active requests to complete
2026-08-04T16:06:25.074+05:30  INFO 5000 --- [bookstore] [tomcat-shutdown] o.s.boot.tomcat.GracefulShutdown         : Graceful shutdown complete
2026-08-04T16:06:25.092+05:30  INFO 5000 --- [bookstore] [SpringApplicationShutdownHook] j.LocalContainerEntityManagerFactoryBean : Closing JPA EntityManagerFactory for persistence unit 'default'
2026-08-04T16:06:25.106+05:30  INFO 5000 --- [bookstore] [SpringApplicationShutdownHook] com.zaxxer.hikari.HikariDataSource       : HikariPool-1 - Shutdown initiated...
2026-08-04T16:06:25.117+05:30  INFO 5000 --- [bookstore] [SpringApplicationShutdownHook] com.zaxxer.hikari.HikariDataSource       : HikariPool-1 - Shutdown completed.
2026-08-04T16:06:28.042+05:30  INFO 19708 --- [bookstore] [main] com.tss.bookstore.BookstoreApplication   : Starting BookstoreApplication using Java 18.0.2.1 with PID 19708 (C:\prince\assignment1\bookstore\target\classes started by Prince.Kakadiya in C:\prince\assignment1\bookstore)
2026-08-04T16:06:28.052+05:30 DEBUG 19708 --- [bookstore] [main] com.tss.bookstore.BookstoreApplication   : Running with Spring Boot v4.1.0, Spring v7.0.8
2026-08-04T16:06:28.053+05:30  INFO 19708 --- [bookstore] [main] com.tss.bookstore.BookstoreApplication   : No active profile set, falling back to 1 default profile: "default"
2026-08-04T16:06:28.753+05:30  INFO 19708 --- [bookstore] [main] .s.d.r.c.RepositoryConfigurationDelegate : Bootstrapping Spring Data JPA repositories in DEFAULT mode.
2026-08-04T16:06:28.836+05:30  INFO 19708 --- [bookstore] [main] .s.d.r.c.RepositoryConfigurationDelegate : Finished Spring Data repository scanning in 76 ms. Found 9 JPA repository interfaces.
2026-08-04T16:06:29.275+05:30  INFO 19708 --- [bookstore] [main] o.s.boot.tomcat.TomcatWebServer          : Tomcat initialized with port 8080 (http)
2026-08-04T16:06:29.289+05:30  INFO 19708 --- [bookstore] [main] o.apache.catalina.core.StandardService   : Starting service [Tomcat]
2026-08-04T16:06:29.290+05:30  INFO 19708 --- [bookstore] [main] o.apache.catalina.core.StandardEngine    : Starting Servlet engine: [Apache Tomcat/11.0.22]
2026-08-04T16:06:29.362+05:30  INFO 19708 --- [bookstore] [main] b.w.c.s.WebApplicationContextInitializer : Root WebApplicationContext: initialization completed in 1253 ms
2026-08-04T16:06:29.524+05:30  INFO 19708 --- [bookstore] [main] org.hibernate.orm.jpa                    : HHH008540: Processing PersistenceUnitInfo [name: default]
2026-08-04T16:06:29.584+05:30  INFO 19708 --- [bookstore] [main] org.hibernate.orm.core                   : HHH000001: Hibernate ORM core version 7.4.1.Final
2026-08-04T16:06:30.018+05:30  INFO 19708 --- [bookstore] [main] o.s.o.j.p.SpringPersistenceUnitInfo      : No LoadTimeWeaver setup: ignoring JPA class transformer
2026-08-04T16:06:30.051+05:30  INFO 19708 --- [bookstore] [main] com.zaxxer.hikari.HikariDataSource       : HikariPool-1 - Starting...
2026-08-04T16:06:30.293+05:30  INFO 19708 --- [bookstore] [main] com.zaxxer.hikari.pool.HikariPool        : HikariPool-1 - Added connection org.postgresql.jdbc.PgConnection@9880a15
2026-08-04T16:06:30.294+05:30  INFO 19708 --- [bookstore] [main] com.zaxxer.hikari.HikariDataSource       : HikariPool-1 - Start completed.
2026-08-04T16:06:30.365+05:30  INFO 19708 --- [bookstore] [main] org.hibernate.orm.connections.pooling    : HHH10001005: Database info:
	Database JDBC URL [jdbc:postgresql://localhost:5432/bookstore_db]
	Database driver: PostgreSQL JDBC Driver
	Database dialect: PostgreSQLDialect
	Database version: 18.4
	Default catalog/schema: bookstore_db/public
	Autocommit mode: undefined/unknown
	Isolation level: READ_COMMITTED [default READ_COMMITTED]
	JDBC fetch size: none
	Pool: DataSourceConnectionProvider
	Minimum pool size: undefined/unknown
	Maximum pool size: undefined/unknown
2026-08-04T16:06:31.938+05:30  INFO 19708 --- [bookstore] [main] org.hibernate.orm.core                   : HHH000489: No JTA platform available (set 'hibernate.transaction.jta.platform' to enable JTA platform integration)
2026-08-04T16:06:32.051+05:30  INFO 19708 --- [bookstore] [main] j.LocalContainerEntityManagerFactoryBean : Initialized JPA EntityManagerFactory for persistence unit 'default'
2026-08-04T16:06:32.113+05:30  INFO 19708 --- [bookstore] [main] o.s.d.j.r.query.QueryEnhancerFactories   : Hibernate is in classpath; If applicable, HQL parser will be used.
2026-08-04T16:06:33.192+05:30  WARN 19708 --- [bookstore] [main] JpaBaseConfiguration$JpaWebConfiguration : spring.jpa.open-in-view is enabled by default. Therefore, database queries may be performed during view rendering. Explicitly configure spring.jpa.open-in-view to disable this warning
2026-08-04T16:06:33.490+05:30  INFO 19708 --- [bookstore] [main] o.s.boot.tomcat.TomcatWebServer          : Tomcat started on port 8080 (http) with context path '/'
2026-08-04T16:06:33.495+05:30  INFO 19708 --- [bookstore] [main] com.tss.bookstore.BookstoreApplication   : Started BookstoreApplication in 6.006 seconds (process running for 6.606)
2026-08-04T16:06:39.675+05:30  INFO 19708 --- [bookstore] [http-nio-8080-exec-1] o.a.c.c.C.[Tomcat].[localhost].[/]       : Initializing Spring DispatcherServlet 'dispatcherServlet'
2026-08-04T16:06:39.676+05:30  INFO 19708 --- [bookstore] [http-nio-8080-exec-1] o.s.web.servlet.DispatcherServlet        : Initializing Servlet 'dispatcherServlet'
2026-08-04T16:06:39.682+05:30  INFO 19708 --- [bookstore] [http-nio-8080-exec-1] o.s.web.servlet.DispatcherServlet        : Completed initialization in 2 ms
2026-08-04T16:06:39.885+05:30 DEBUG 19708 --- [bookstore] [http-nio-8080-exec-1] c.t.bookstore.service.OrderServiceImpl   : Fetching order. userId=16
2026-08-04T16:12:10.507+05:30  INFO 19708 --- [bookstore] [SpringApplicationShutdownHook] o.s.boot.tomcat.GracefulShutdown         : Commencing graceful shutdown. Waiting for active requests to complete
2026-08-04T16:12:10.829+05:30  INFO 19708 --- [bookstore] [tomcat-shutdown] o.s.boot.tomcat.GracefulShutdown         : Graceful shutdown complete
2026-08-04T16:12:10.870+05:30  INFO 19708 --- [bookstore] [SpringApplicationShutdownHook] j.LocalContainerEntityManagerFactoryBean : Closing JPA EntityManagerFactory for persistence unit 'default'
2026-08-04T16:12:10.907+05:30  INFO 19708 --- [bookstore] [SpringApplicationShutdownHook] com.zaxxer.hikari.HikariDataSource       : HikariPool-1 - Shutdown initiated...
2026-08-04T16:12:10.930+05:30  INFO 19708 --- [bookstore] [SpringApplicationShutdownHook] com.zaxxer.hikari.HikariDataSource       : HikariPool-1 - Shutdown completed.
2026-08-04T16:12:20.798+05:30  INFO 15448 --- [bookstore] [main] com.tss.bookstore.BookstoreApplication   : Starting BookstoreApplication using Java 18.0.2.1 with PID 15448 (C:\prince\assignment1\bookstore\target\classes started by Prince.Kakadiya in C:\prince\assignment1\bookstore)
2026-08-04T16:12:20.804+05:30 DEBUG 15448 --- [bookstore] [main] com.tss.bookstore.BookstoreApplication   : Running with Spring Boot v4.1.0, Spring v7.0.8
2026-08-04T16:12:20.806+05:30  INFO 15448 --- [bookstore] [main] com.tss.bookstore.BookstoreApplication   : No active profile set, falling back to 1 default profile: "default"
2026-08-04T16:12:22.530+05:30  INFO 15448 --- [bookstore] [main] .s.d.r.c.RepositoryConfigurationDelegate : Bootstrapping Spring Data JPA repositories in DEFAULT mode.
2026-08-04T16:12:22.698+05:30  INFO 15448 --- [bookstore] [main] .s.d.r.c.RepositoryConfigurationDelegate : Finished Spring Data repository scanning in 150 ms. Found 9 JPA repository interfaces.
2026-08-04T16:12:23.438+05:30  INFO 15448 --- [bookstore] [main] o.s.boot.tomcat.TomcatWebServer          : Tomcat initialized with port 8080 (http)
2026-08-04T16:12:23.458+05:30  INFO 15448 --- [bookstore] [main] o.apache.catalina.core.StandardService   : Starting service [Tomcat]
2026-08-04T16:12:23.460+05:30  INFO 15448 --- [bookstore] [main] o.apache.catalina.core.StandardEngine    : Starting Servlet engine: [Apache Tomcat/11.0.22]
2026-08-04T16:12:23.566+05:30  INFO 15448 --- [bookstore] [main] b.w.c.s.WebApplicationContextInitializer : Root WebApplicationContext: initialization completed in 2660 ms
2026-08-04T16:12:23.772+05:30  INFO 15448 --- [bookstore] [main] org.hibernate.orm.jpa                    : HHH008540: Processing PersistenceUnitInfo [name: default]
2026-08-04T16:12:23.857+05:30  INFO 15448 --- [bookstore] [main] org.hibernate.orm.core                   : HHH000001: Hibernate ORM core version 7.4.1.Final
2026-08-04T16:12:24.523+05:30  INFO 15448 --- [bookstore] [main] o.s.o.j.p.SpringPersistenceUnitInfo      : No LoadTimeWeaver setup: ignoring JPA class transformer
2026-08-04T16:12:24.563+05:30  INFO 15448 --- [bookstore] [main] com.zaxxer.hikari.HikariDataSource       : HikariPool-1 - Starting...
2026-08-04T16:12:24.835+05:30  INFO 15448 --- [bookstore] [main] com.zaxxer.hikari.pool.HikariPool        : HikariPool-1 - Added connection org.postgresql.jdbc.PgConnection@9880a15
2026-08-04T16:12:24.838+05:30  INFO 15448 --- [bookstore] [main] com.zaxxer.hikari.HikariDataSource       : HikariPool-1 - Start completed.
2026-08-04T16:12:25.000+05:30  INFO 15448 --- [bookstore] [main] org.hibernate.orm.connections.pooling    : HHH10001005: Database info:
	Database JDBC URL [jdbc:postgresql://localhost:5432/bookstore_db]
	Database driver: PostgreSQL JDBC Driver
	Database dialect: PostgreSQLDialect
	Database version: 18.4
	Default catalog/schema: bookstore_db/public
	Autocommit mode: undefined/unknown
	Isolation level: READ_COMMITTED [default READ_COMMITTED]
	JDBC fetch size: none
	Pool: DataSourceConnectionProvider
	Minimum pool size: undefined/unknown
	Maximum pool size: undefined/unknown
2026-08-04T16:12:27.029+05:30  INFO 15448 --- [bookstore] [main] org.hibernate.orm.core                   : HHH000489: No JTA platform available (set 'hibernate.transaction.jta.platform' to enable JTA platform integration)
2026-08-04T16:12:27.189+05:30  INFO 15448 --- [bookstore] [main] j.LocalContainerEntityManagerFactoryBean : Initialized JPA EntityManagerFactory for persistence unit 'default'
2026-08-04T16:12:27.322+05:30  INFO 15448 --- [bookstore] [main] o.s.d.j.r.query.QueryEnhancerFactories   : Hibernate is in classpath; If applicable, HQL parser will be used.
2026-08-04T16:12:28.814+05:30  WARN 15448 --- [bookstore] [main] JpaBaseConfiguration$JpaWebConfiguration : spring.jpa.open-in-view is enabled by default. Therefore, database queries may be performed during view rendering. Explicitly configure spring.jpa.open-in-view to disable this warning
2026-08-04T16:12:29.369+05:30  INFO 15448 --- [bookstore] [main] o.s.boot.tomcat.TomcatWebServer          : Tomcat started on port 8080 (http) with context path '/'
2026-08-04T16:12:29.375+05:30  INFO 15448 --- [bookstore] [main] com.tss.bookstore.BookstoreApplication   : Started BookstoreApplication in 11.897 seconds (process running for 12.809)
2026-08-04T16:12:41.900+05:30  INFO 15448 --- [bookstore] [http-nio-8080-exec-1] o.a.c.c.C.[Tomcat].[localhost].[/]       : Initializing Spring DispatcherServlet 'dispatcherServlet'
2026-08-04T16:12:41.901+05:30  INFO 15448 --- [bookstore] [http-nio-8080-exec-1] o.s.web.servlet.DispatcherServlet        : Initializing Servlet 'dispatcherServlet'
2026-08-04T16:12:41.902+05:30  INFO 15448 --- [bookstore] [http-nio-8080-exec-1] o.s.web.servlet.DispatcherServlet        : Completed initialization in 1 ms
2026-08-04T16:12:41.975+05:30 DEBUG 15448 --- [bookstore] [http-nio-8080-exec-1] c.t.bookstore.service.ReviewServiceImpl  : Fetching reviews. page=0, size=20
2026-08-04T16:15:19.100+05:30 DEBUG 15448 --- [bookstore] [http-nio-8080-exec-3] c.tss.bookstore.service.UserServiceImpl  : Fetching users. page=0, size=3
2026-08-04T16:31:14.707+05:30 DEBUG 15448 --- [bookstore] [http-nio-8080-exec-5] c.tss.bookstore.service.BookServiceImpl  : Fetching book. bookId=10
2026-08-04T16:32:23.614+05:30 DEBUG 15448 --- [bookstore] [http-nio-8080-exec-7] c.tss.bookstore.service.UserServiceImpl  : Fetching users. page=0, size=3
2026-08-04T16:32:37.155+05:30  INFO 15448 --- [bookstore] [SpringApplicationShutdownHook] o.s.boot.tomcat.GracefulShutdown         : Commencing graceful shutdown. Waiting for active requests to complete
2026-08-04T16:32:37.699+05:30  INFO 15448 --- [bookstore] [tomcat-shutdown] o.s.boot.tomcat.GracefulShutdown         : Graceful shutdown complete
2026-08-04T16:32:37.759+05:30  INFO 15448 --- [bookstore] [SpringApplicationShutdownHook] j.LocalContainerEntityManagerFactoryBean : Closing JPA EntityManagerFactory for persistence unit 'default'
2026-08-04T16:32:37.806+05:30  INFO 15448 --- [bookstore] [SpringApplicationShutdownHook] com.zaxxer.hikari.HikariDataSource       : HikariPool-1 - Shutdown initiated...
2026-08-04T16:32:37.829+05:30  INFO 15448 --- [bookstore] [SpringApplicationShutdownHook] com.zaxxer.hikari.HikariDataSource       : HikariPool-1 - Shutdown completed.
2026-08-04T16:32:48.388+05:30  INFO 17712 --- [bookstore] [main] com.tss.bookstore.BookstoreApplication   : Starting BookstoreApplication using Java 18.0.2.1 with PID 17712 (C:\prince\assignment1\bookstore\target\classes started by Prince.Kakadiya in C:\prince\assignment1\bookstore)
2026-08-04T16:32:48.394+05:30 DEBUG 17712 --- [bookstore] [main] com.tss.bookstore.BookstoreApplication   : Running with Spring Boot v4.1.0, Spring v7.0.8
2026-08-04T16:32:48.395+05:30  INFO 17712 --- [bookstore] [main] com.tss.bookstore.BookstoreApplication   : No active profile set, falling back to 1 default profile: "default"
2026-08-04T16:32:50.026+05:30  INFO 17712 --- [bookstore] [main] .s.d.r.c.RepositoryConfigurationDelegate : Bootstrapping Spring Data JPA repositories in DEFAULT mode.
2026-08-04T16:32:50.224+05:30  INFO 17712 --- [bookstore] [main] .s.d.r.c.RepositoryConfigurationDelegate : Finished Spring Data repository scanning in 179 ms. Found 9 JPA repository interfaces.
2026-08-04T16:32:51.475+05:30  INFO 17712 --- [bookstore] [main] o.s.boot.tomcat.TomcatWebServer          : Tomcat initialized with port 8080 (http)
2026-08-04T16:32:51.513+05:30  INFO 17712 --- [bookstore] [main] o.apache.catalina.core.StandardService   : Starting service [Tomcat]
2026-08-04T16:32:51.515+05:30  INFO 17712 --- [bookstore] [main] o.apache.catalina.core.StandardEngine    : Starting Servlet engine: [Apache Tomcat/11.0.22]
2026-08-04T16:32:51.663+05:30  INFO 17712 --- [bookstore] [main] b.w.c.s.WebApplicationContextInitializer : Root WebApplicationContext: initialization completed in 3108 ms
2026-08-04T16:32:51.972+05:30  INFO 17712 --- [bookstore] [main] org.hibernate.orm.jpa                    : HHH008540: Processing PersistenceUnitInfo [name: default]
2026-08-04T16:32:52.142+05:30  INFO 17712 --- [bookstore] [main] org.hibernate.orm.core                   : HHH000001: Hibernate ORM core version 7.4.1.Final
2026-08-04T16:32:53.171+05:30  INFO 17712 --- [bookstore] [main] o.s.o.j.p.SpringPersistenceUnitInfo      : No LoadTimeWeaver setup: ignoring JPA class transformer
2026-08-04T16:32:53.260+05:30  INFO 17712 --- [bookstore] [main] com.zaxxer.hikari.HikariDataSource       : HikariPool-1 - Starting...
2026-08-04T16:32:53.703+05:30  INFO 17712 --- [bookstore] [main] com.zaxxer.hikari.pool.HikariPool        : HikariPool-1 - Added connection org.postgresql.jdbc.PgConnection@3722f39d
2026-08-04T16:32:53.707+05:30  INFO 17712 --- [bookstore] [main] com.zaxxer.hikari.HikariDataSource       : HikariPool-1 - Start completed.
2026-08-04T16:32:53.906+05:30  INFO 17712 --- [bookstore] [main] org.hibernate.orm.connections.pooling    : HHH10001005: Database info:
	Database JDBC URL [jdbc:postgresql://localhost:5432/bookstore_db]
	Database driver: PostgreSQL JDBC Driver
	Database dialect: PostgreSQLDialect
	Database version: 18.4
	Default catalog/schema: bookstore_db/public
	Autocommit mode: undefined/unknown
	Isolation level: READ_COMMITTED [default READ_COMMITTED]
	JDBC fetch size: none
	Pool: DataSourceConnectionProvider
	Minimum pool size: undefined/unknown
	Maximum pool size: undefined/unknown
2026-08-04T16:32:56.705+05:30  INFO 17712 --- [bookstore] [main] org.hibernate.orm.core                   : HHH000489: No JTA platform available (set 'hibernate.transaction.jta.platform' to enable JTA platform integration)
2026-08-04T16:32:56.961+05:30  INFO 17712 --- [bookstore] [main] j.LocalContainerEntityManagerFactoryBean : Initialized JPA EntityManagerFactory for persistence unit 'default'
2026-08-04T16:32:57.145+05:30  INFO 17712 --- [bookstore] [main] o.s.d.j.r.query.QueryEnhancerFactories   : Hibernate is in classpath; If applicable, HQL parser will be used.
2026-08-04T16:32:59.060+05:30  WARN 17712 --- [bookstore] [main] JpaBaseConfiguration$JpaWebConfiguration : spring.jpa.open-in-view is enabled by default. Therefore, database queries may be performed during view rendering. Explicitly configure spring.jpa.open-in-view to disable this warning
2026-08-04T16:32:59.787+05:30  INFO 17712 --- [bookstore] [main] o.s.boot.tomcat.TomcatWebServer          : Tomcat started on port 8080 (http) with context path '/'
2026-08-04T16:32:59.799+05:30  INFO 17712 --- [bookstore] [main] com.tss.bookstore.BookstoreApplication   : Started BookstoreApplication in 12.33 seconds (process running for 13.457)
2026-08-04T16:33:07.087+05:30  INFO 17712 --- [bookstore] [http-nio-8080-exec-2] o.a.c.c.C.[Tomcat].[localhost].[/]       : Initializing Spring DispatcherServlet 'dispatcherServlet'
2026-08-04T16:33:07.087+05:30  INFO 17712 --- [bookstore] [http-nio-8080-exec-2] o.s.web.servlet.DispatcherServlet        : Initializing Servlet 'dispatcherServlet'
2026-08-04T16:33:07.089+05:30  INFO 17712 --- [bookstore] [http-nio-8080-exec-2] o.s.web.servlet.DispatcherServlet        : Completed initialization in 1 ms
2026-08-04T16:33:07.188+05:30 DEBUG 17712 --- [bookstore] [http-nio-8080-exec-2] c.tss.bookstore.service.UserServiceImpl  : Fetching users. page=0, size=3
2026-08-04T16:56:29.966+05:30  INFO 17712 --- [bookstore] [SpringApplicationShutdownHook] o.s.boot.tomcat.GracefulShutdown         : Commencing graceful shutdown. Waiting for active requests to complete
2026-08-04T16:56:30.513+05:30  INFO 17712 --- [bookstore] [tomcat-shutdown] o.s.boot.tomcat.GracefulShutdown         : Graceful shutdown complete
2026-08-04T16:56:30.588+05:30  INFO 17712 --- [bookstore] [SpringApplicationShutdownHook] j.LocalContainerEntityManagerFactoryBean : Closing JPA EntityManagerFactory for persistence unit 'default'
2026-08-04T16:56:30.666+05:30  INFO 17712 --- [bookstore] [SpringApplicationShutdownHook] com.zaxxer.hikari.HikariDataSource       : HikariPool-1 - Shutdown initiated...
2026-08-04T16:56:30.682+05:30  INFO 17712 --- [bookstore] [SpringApplicationShutdownHook] com.zaxxer.hikari.HikariDataSource       : HikariPool-1 - Shutdown completed.
2026-08-04T17:26:04.704+05:30  INFO 14956 --- [bookstore] [main] com.tss.bookstore.BookstoreApplication   : Starting BookstoreApplication using Java 18.0.2.1 with PID 14956 (C:\prince\assignment1\bookstore\target\classes started by Prince.Kakadiya in C:\prince\assignment1\bookstore)
2026-08-04T17:26:04.710+05:30 DEBUG 14956 --- [bookstore] [main] com.tss.bookstore.BookstoreApplication   : Running with Spring Boot v4.1.0, Spring v7.0.8
2026-08-04T17:26:04.712+05:30  INFO 14956 --- [bookstore] [main] com.tss.bookstore.BookstoreApplication   : No active profile set, falling back to 1 default profile: "default"
2026-08-04T17:26:06.104+05:30  INFO 14956 --- [bookstore] [main] .s.d.r.c.RepositoryConfigurationDelegate : Bootstrapping Spring Data JPA repositories in DEFAULT mode.
2026-08-04T17:26:06.287+05:30  INFO 14956 --- [bookstore] [main] .s.d.r.c.RepositoryConfigurationDelegate : Finished Spring Data repository scanning in 164 ms. Found 9 JPA repository interfaces.
2026-08-04T17:26:07.262+05:30  INFO 14956 --- [bookstore] [main] o.s.boot.tomcat.TomcatWebServer          : Tomcat initialized with port 8080 (http)
2026-08-04T17:26:07.288+05:30  INFO 14956 --- [bookstore] [main] o.apache.catalina.core.StandardService   : Starting service [Tomcat]
2026-08-04T17:26:07.289+05:30  INFO 14956 --- [bookstore] [main] o.apache.catalina.core.StandardEngine    : Starting Servlet engine: [Apache Tomcat/11.0.22]
2026-08-04T17:26:07.504+05:30  INFO 14956 --- [bookstore] [main] b.w.c.s.WebApplicationContextInitializer : Root WebApplicationContext: initialization completed in 2662 ms
2026-08-04T17:26:07.813+05:30  INFO 14956 --- [bookstore] [main] org.hibernate.orm.jpa                    : HHH008540: Processing PersistenceUnitInfo [name: default]
2026-08-04T17:26:07.979+05:30  INFO 14956 --- [bookstore] [main] org.hibernate.orm.core                   : HHH000001: Hibernate ORM core version 7.4.1.Final
2026-08-04T17:26:08.951+05:30  INFO 14956 --- [bookstore] [main] o.s.o.j.p.SpringPersistenceUnitInfo      : No LoadTimeWeaver setup: ignoring JPA class transformer
2026-08-04T17:26:09.021+05:30  INFO 14956 --- [bookstore] [main] com.zaxxer.hikari.HikariDataSource       : HikariPool-1 - Starting...
2026-08-04T17:26:09.445+05:30  INFO 14956 --- [bookstore] [main] com.zaxxer.hikari.pool.HikariPool        : HikariPool-1 - Added connection org.postgresql.jdbc.PgConnection@428eb3d5
2026-08-04T17:26:09.448+05:30  INFO 14956 --- [bookstore] [main] com.zaxxer.hikari.HikariDataSource       : HikariPool-1 - Start completed.
2026-08-04T17:26:09.632+05:30  INFO 14956 --- [bookstore] [main] org.hibernate.orm.connections.pooling    : HHH10001005: Database info:
	Database JDBC URL [jdbc:postgresql://localhost:5432/bookstore_db]
	Database driver: PostgreSQL JDBC Driver
	Database dialect: PostgreSQLDialect
	Database version: 18.4
	Default catalog/schema: bookstore_db/public
	Autocommit mode: undefined/unknown
	Isolation level: READ_COMMITTED [default READ_COMMITTED]
	JDBC fetch size: none
	Pool: DataSourceConnectionProvider
	Minimum pool size: undefined/unknown
	Maximum pool size: undefined/unknown
2026-08-04T17:26:12.232+05:30  INFO 14956 --- [bookstore] [main] org.hibernate.orm.core                   : HHH000489: No JTA platform available (set 'hibernate.transaction.jta.platform' to enable JTA platform integration)
2026-08-04T17:26:12.482+05:30  INFO 14956 --- [bookstore] [main] j.LocalContainerEntityManagerFactoryBean : Initialized JPA EntityManagerFactory for persistence unit 'default'
2026-08-04T17:26:12.616+05:30  INFO 14956 --- [bookstore] [main] o.s.d.j.r.query.QueryEnhancerFactories   : Hibernate is in classpath; If applicable, HQL parser will be used.
2026-08-04T17:26:14.656+05:30  WARN 14956 --- [bookstore] [main] JpaBaseConfiguration$JpaWebConfiguration : spring.jpa.open-in-view is enabled by default. Therefore, database queries may be performed during view rendering. Explicitly configure spring.jpa.open-in-view to disable this warning
2026-08-04T17:26:15.465+05:30  INFO 14956 --- [bookstore] [main] o.s.boot.tomcat.TomcatWebServer          : Tomcat started on port 8080 (http) with context path '/'
2026-08-04T17:26:15.474+05:30  INFO 14956 --- [bookstore] [main] com.tss.bookstore.BookstoreApplication   : Started BookstoreApplication in 11.655 seconds (process running for 12.947)
2026-08-04T17:26:31.088+05:30  INFO 14956 --- [bookstore] [http-nio-8080-exec-1] o.a.c.c.C.[Tomcat].[localhost].[/]       : Initializing Spring DispatcherServlet 'dispatcherServlet'
2026-08-04T17:26:31.093+05:30  INFO 14956 --- [bookstore] [http-nio-8080-exec-1] o.s.web.servlet.DispatcherServlet        : Initializing Servlet 'dispatcherServlet'
2026-08-04T17:26:31.103+05:30  INFO 14956 --- [bookstore] [http-nio-8080-exec-1] o.s.web.servlet.DispatcherServlet        : Completed initialization in 7 ms
2026-08-04T17:26:32.178+05:30 DEBUG 14956 --- [bookstore] [http-nio-8080-exec-1] c.tss.bookstore.service.UserServiceImpl  : Fetching users. page=0, size=3
2026-08-04T17:27:46.636+05:30  INFO 14956 --- [bookstore] [SpringApplicationShutdownHook] o.s.boot.tomcat.GracefulShutdown         : Commencing graceful shutdown. Waiting for active requests to complete
2026-08-04T17:27:47.128+05:30  INFO 14956 --- [bookstore] [tomcat-shutdown] o.s.boot.tomcat.GracefulShutdown         : Graceful shutdown complete
2026-08-04T17:27:47.159+05:30  INFO 14956 --- [bookstore] [SpringApplicationShutdownHook] j.LocalContainerEntityManagerFactoryBean : Closing JPA EntityManagerFactory for persistence unit 'default'
2026-08-04T17:27:47.182+05:30  INFO 14956 --- [bookstore] [SpringApplicationShutdownHook] com.zaxxer.hikari.HikariDataSource       : HikariPool-1 - Shutdown initiated...
2026-08-04T17:27:47.199+05:30  INFO 14956 --- [bookstore] [SpringApplicationShutdownHook] com.zaxxer.hikari.HikariDataSource       : HikariPool-1 - Shutdown completed.
2026-08-04T17:27:55.645+05:30  INFO 7436 --- [bookstore] [main] com.tss.bookstore.BookstoreApplication   : Starting BookstoreApplication using Java 18.0.2.1 with PID 7436 (C:\prince\assignment1\bookstore\target\classes started by Prince.Kakadiya in C:\prince\assignment1\bookstore)
2026-08-04T17:27:55.650+05:30 DEBUG 7436 --- [bookstore] [main] com.tss.bookstore.BookstoreApplication   : Running with Spring Boot v4.1.0, Spring v7.0.8
2026-08-04T17:27:55.652+05:30  INFO 7436 --- [bookstore] [main] com.tss.bookstore.BookstoreApplication   : No active profile set, falling back to 1 default profile: "default"
2026-08-04T17:27:56.928+05:30  INFO 7436 --- [bookstore] [main] .s.d.r.c.RepositoryConfigurationDelegate : Bootstrapping Spring Data JPA repositories in DEFAULT mode.
2026-08-04T17:27:57.127+05:30  INFO 7436 --- [bookstore] [main] .s.d.r.c.RepositoryConfigurationDelegate : Finished Spring Data repository scanning in 181 ms. Found 9 JPA repository interfaces.
2026-08-04T17:27:58.041+05:30  INFO 7436 --- [bookstore] [main] o.s.boot.tomcat.TomcatWebServer          : Tomcat initialized with port 8080 (http)
2026-08-04T17:27:58.067+05:30  INFO 7436 --- [bookstore] [main] o.apache.catalina.core.StandardService   : Starting service [Tomcat]
2026-08-04T17:27:58.068+05:30  INFO 7436 --- [bookstore] [main] o.apache.catalina.core.StandardEngine    : Starting Servlet engine: [Apache Tomcat/11.0.22]
2026-08-04T17:27:58.242+05:30  INFO 7436 --- [bookstore] [main] b.w.c.s.WebApplicationContextInitializer : Root WebApplicationContext: initialization completed in 2497 ms
2026-08-04T17:27:58.591+05:30  INFO 7436 --- [bookstore] [main] org.hibernate.orm.jpa                    : HHH008540: Processing PersistenceUnitInfo [name: default]
2026-08-04T17:27:58.754+05:30  INFO 7436 --- [bookstore] [main] org.hibernate.orm.core                   : HHH000001: Hibernate ORM core version 7.4.1.Final
2026-08-04T17:27:59.951+05:30  INFO 7436 --- [bookstore] [main] o.s.o.j.p.SpringPersistenceUnitInfo      : No LoadTimeWeaver setup: ignoring JPA class transformer
2026-08-04T17:28:00.051+05:30  INFO 7436 --- [bookstore] [main] com.zaxxer.hikari.HikariDataSource       : HikariPool-1 - Starting...
2026-08-04T17:28:00.528+05:30  INFO 7436 --- [bookstore] [main] com.zaxxer.hikari.pool.HikariPool        : HikariPool-1 - Added connection org.postgresql.jdbc.PgConnection@7b332b23
2026-08-04T17:28:00.532+05:30  INFO 7436 --- [bookstore] [main] com.zaxxer.hikari.HikariDataSource       : HikariPool-1 - Start completed.
2026-08-04T17:28:00.760+05:30  INFO 7436 --- [bookstore] [main] org.hibernate.orm.connections.pooling    : HHH10001005: Database info:
	Database JDBC URL [jdbc:postgresql://localhost:5432/bookstore_db]
	Database driver: PostgreSQL JDBC Driver
	Database dialect: PostgreSQLDialect
	Database version: 18.4
	Default catalog/schema: bookstore_db/public
	Autocommit mode: undefined/unknown
	Isolation level: READ_COMMITTED [default READ_COMMITTED]
	JDBC fetch size: none
	Pool: DataSourceConnectionProvider
	Minimum pool size: undefined/unknown
	Maximum pool size: undefined/unknown
2026-08-04T17:28:03.242+05:30  INFO 7436 --- [bookstore] [main] org.hibernate.orm.core                   : HHH000489: No JTA platform available (set 'hibernate.transaction.jta.platform' to enable JTA platform integration)
2026-08-04T17:28:03.441+05:30  INFO 7436 --- [bookstore] [main] j.LocalContainerEntityManagerFactoryBean : Initialized JPA EntityManagerFactory for persistence unit 'default'
2026-08-04T17:28:03.611+05:30  INFO 7436 --- [bookstore] [main] o.s.d.j.r.query.QueryEnhancerFactories   : Hibernate is in classpath; If applicable, HQL parser will be used.
2026-08-04T17:28:05.331+05:30  WARN 7436 --- [bookstore] [main] JpaBaseConfiguration$JpaWebConfiguration : spring.jpa.open-in-view is enabled by default. Therefore, database queries may be performed during view rendering. Explicitly configure spring.jpa.open-in-view to disable this warning
2026-08-04T17:28:05.972+05:30  INFO 7436 --- [bookstore] [main] o.s.boot.tomcat.TomcatWebServer          : Tomcat started on port 8080 (http) with context path '/'
2026-08-04T17:28:05.979+05:30  INFO 7436 --- [bookstore] [main] com.tss.bookstore.BookstoreApplication   : Started BookstoreApplication in 11.217 seconds (process running for 12.286)
2026-08-04T17:28:16.215+05:30  INFO 7436 --- [bookstore] [http-nio-8080-exec-1] o.a.c.c.C.[Tomcat].[localhost].[/]       : Initializing Spring DispatcherServlet 'dispatcherServlet'
2026-08-04T17:28:16.216+05:30  INFO 7436 --- [bookstore] [http-nio-8080-exec-1] o.s.web.servlet.DispatcherServlet        : Initializing Servlet 'dispatcherServlet'
2026-08-04T17:28:16.220+05:30  INFO 7436 --- [bookstore] [http-nio-8080-exec-1] o.s.web.servlet.DispatcherServlet        : Completed initialization in 3 ms
2026-08-04T17:28:16.373+05:30 DEBUG 7436 --- [bookstore] [http-nio-8080-exec-1] c.tss.bookstore.service.UserServiceImpl  : Fetching users. page=0, size=3
2026-08-04T17:30:22.437+05:30 DEBUG 7436 --- [bookstore] [http-nio-8080-exec-3] c.tss.bookstore.service.UserServiceImpl  : Fetching user. userId=16
2026-08-04T17:34:01.927+05:30  INFO 7436 --- [bookstore] [SpringApplicationShutdownHook] o.s.boot.tomcat.GracefulShutdown         : Commencing graceful shutdown. Waiting for active requests to complete
2026-08-04T17:34:02.349+05:30  INFO 7436 --- [bookstore] [tomcat-shutdown] o.s.boot.tomcat.GracefulShutdown         : Graceful shutdown complete
2026-08-04T17:34:02.361+05:30  INFO 7436 --- [bookstore] [SpringApplicationShutdownHook] j.LocalContainerEntityManagerFactoryBean : Closing JPA EntityManagerFactory for persistence unit 'default'
2026-08-04T17:34:02.370+05:30  INFO 7436 --- [bookstore] [SpringApplicationShutdownHook] com.zaxxer.hikari.HikariDataSource       : HikariPool-1 - Shutdown initiated...
2026-08-04T17:34:02.378+05:30  INFO 7436 --- [bookstore] [SpringApplicationShutdownHook] com.zaxxer.hikari.HikariDataSource       : HikariPool-1 - Shutdown completed.
2026-08-04T17:34:11.507+05:30  INFO 15476 --- [bookstore] [main] com.tss.bookstore.BookstoreApplication   : Starting BookstoreApplication using Java 18.0.2.1 with PID 15476 (C:\prince\assignment1\bookstore\target\classes started by Prince.Kakadiya in C:\prince\assignment1\bookstore)
2026-08-04T17:34:11.513+05:30 DEBUG 15476 --- [bookstore] [main] com.tss.bookstore.BookstoreApplication   : Running with Spring Boot v4.1.0, Spring v7.0.8
2026-08-04T17:34:11.515+05:30  INFO 15476 --- [bookstore] [main] com.tss.bookstore.BookstoreApplication   : No active profile set, falling back to 1 default profile: "default"
2026-08-04T17:34:12.899+05:30  INFO 15476 --- [bookstore] [main] .s.d.r.c.RepositoryConfigurationDelegate : Bootstrapping Spring Data JPA repositories in DEFAULT mode.
2026-08-04T17:34:13.121+05:30  INFO 15476 --- [bookstore] [main] .s.d.r.c.RepositoryConfigurationDelegate : Finished Spring Data repository scanning in 197 ms. Found 9 JPA repository interfaces.
2026-08-04T17:34:14.084+05:30  INFO 15476 --- [bookstore] [main] o.s.boot.tomcat.TomcatWebServer          : Tomcat initialized with port 8080 (http)
2026-08-04T17:34:14.112+05:30  INFO 15476 --- [bookstore] [main] o.apache.catalina.core.StandardService   : Starting service [Tomcat]
2026-08-04T17:34:14.113+05:30  INFO 15476 --- [bookstore] [main] o.apache.catalina.core.StandardEngine    : Starting Servlet engine: [Apache Tomcat/11.0.22]
2026-08-04T17:34:14.324+05:30  INFO 15476 --- [bookstore] [main] b.w.c.s.WebApplicationContextInitializer : Root WebApplicationContext: initialization completed in 2704 ms
2026-08-04T17:34:14.666+05:30  INFO 15476 --- [bookstore] [main] org.hibernate.orm.jpa                    : HHH008540: Processing PersistenceUnitInfo [name: default]
2026-08-04T17:34:14.797+05:30  INFO 15476 --- [bookstore] [main] org.hibernate.orm.core                   : HHH000001: Hibernate ORM core version 7.4.1.Final
2026-08-04T17:34:15.795+05:30  INFO 15476 --- [bookstore] [main] o.s.o.j.p.SpringPersistenceUnitInfo      : No LoadTimeWeaver setup: ignoring JPA class transformer
2026-08-04T17:34:15.881+05:30  INFO 15476 --- [bookstore] [main] com.zaxxer.hikari.HikariDataSource       : HikariPool-1 - Starting...
2026-08-04T17:34:16.298+05:30  INFO 15476 --- [bookstore] [main] com.zaxxer.hikari.pool.HikariPool        : HikariPool-1 - Added connection org.postgresql.jdbc.PgConnection@6febec41
2026-08-04T17:34:16.300+05:30  INFO 15476 --- [bookstore] [main] com.zaxxer.hikari.HikariDataSource       : HikariPool-1 - Start completed.
2026-08-04T17:34:16.452+05:30  INFO 15476 --- [bookstore] [main] org.hibernate.orm.connections.pooling    : HHH10001005: Database info:
	Database JDBC URL [jdbc:postgresql://localhost:5432/bookstore_db]
	Database driver: PostgreSQL JDBC Driver
	Database dialect: PostgreSQLDialect
	Database version: 18.4
	Default catalog/schema: bookstore_db/public
	Autocommit mode: undefined/unknown
	Isolation level: READ_COMMITTED [default READ_COMMITTED]
	JDBC fetch size: none
	Pool: DataSourceConnectionProvider
	Minimum pool size: undefined/unknown
	Maximum pool size: undefined/unknown
2026-08-04T17:34:19.195+05:30  INFO 15476 --- [bookstore] [main] org.hibernate.orm.core                   : HHH000489: No JTA platform available (set 'hibernate.transaction.jta.platform' to enable JTA platform integration)
2026-08-04T17:34:19.395+05:30  INFO 15476 --- [bookstore] [main] j.LocalContainerEntityManagerFactoryBean : Initialized JPA EntityManagerFactory for persistence unit 'default'
2026-08-04T17:34:19.526+05:30  INFO 15476 --- [bookstore] [main] o.s.d.j.r.query.QueryEnhancerFactories   : Hibernate is in classpath; If applicable, HQL parser will be used.
2026-08-04T17:34:21.369+05:30  WARN 15476 --- [bookstore] [main] JpaBaseConfiguration$JpaWebConfiguration : spring.jpa.open-in-view is enabled by default. Therefore, database queries may be performed during view rendering. Explicitly configure spring.jpa.open-in-view to disable this warning
2026-08-04T17:34:21.665+05:30  WARN 15476 --- [bookstore] [main] ConfigServletWebServerApplicationContext : Exception encountered during context initialization - cancelling refresh attempt: org.springframework.beans.factory.BeanCreationException: Error creating bean with name 'requestMappingHandlerMapping' defined in class path resource [org/springframework/boot/webmvc/autoconfigure/WebMvcAutoConfiguration$EnableWebMvcConfiguration.class]: Invalid mapping on handler class [com.tss.bookstore.controller.UserController]: public org.springframework.http.ResponseEntity com.tss.bookstore.controller.UserController.getUserProfile(java.lang.Long)
2026-08-04T17:34:21.669+05:30  INFO 15476 --- [bookstore] [main] j.LocalContainerEntityManagerFactoryBean : Closing JPA EntityManagerFactory for persistence unit 'default'
2026-08-04T17:34:21.672+05:30  INFO 15476 --- [bookstore] [main] com.zaxxer.hikari.HikariDataSource       : HikariPool-1 - Shutdown initiated...
2026-08-04T17:34:21.676+05:30  INFO 15476 --- [bookstore] [main] com.zaxxer.hikari.HikariDataSource       : HikariPool-1 - Shutdown completed.
2026-08-04T17:34:21.703+05:30  INFO 15476 --- [bookstore] [main] o.apache.catalina.core.StandardService   : Stopping service [Tomcat]
2026-08-04T17:34:21.728+05:30  INFO 15476 --- [bookstore] [main] .s.b.a.l.ConditionEvaluationReportLogger : 

Error starting ApplicationContext. To display the condition evaluation report re-run your application with 'debug' enabled.
2026-08-04T17:34:21.769+05:30 ERROR 15476 --- [bookstore] [main] o.s.b.d.LoggingFailureAnalysisReporter   : 

***************************
APPLICATION FAILED TO START
***************************

Description:

Invalid mapping pattern detected:
/users/{userId/userProfile}
              ^
Expected close capture character after variable name }

Action:

Fix this pattern in your application or switch to the legacy parser implementation with 'spring.mvc.pathmatch.matching-strategy=ant_path_matcher'.

2026-08-04T17:34:47.234+05:30  INFO 13640 --- [bookstore] [main] com.tss.bookstore.BookstoreApplication   : Starting BookstoreApplication using Java 18.0.2.1 with PID 13640 (C:\prince\assignment1\bookstore\target\classes started by Prince.Kakadiya in C:\prince\assignment1\bookstore)
2026-08-04T17:34:47.240+05:30 DEBUG 13640 --- [bookstore] [main] com.tss.bookstore.BookstoreApplication   : Running with Spring Boot v4.1.0, Spring v7.0.8
2026-08-04T17:34:47.241+05:30  INFO 13640 --- [bookstore] [main] com.tss.bookstore.BookstoreApplication   : No active profile set, falling back to 1 default profile: "default"
2026-08-04T17:34:48.459+05:30  INFO 13640 --- [bookstore] [main] .s.d.r.c.RepositoryConfigurationDelegate : Bootstrapping Spring Data JPA repositories in DEFAULT mode.
2026-08-04T17:34:48.645+05:30  INFO 13640 --- [bookstore] [main] .s.d.r.c.RepositoryConfigurationDelegate : Finished Spring Data repository scanning in 170 ms. Found 9 JPA repository interfaces.
2026-08-04T17:34:49.435+05:30  INFO 13640 --- [bookstore] [main] o.s.boot.tomcat.TomcatWebServer          : Tomcat initialized with port 8080 (http)
2026-08-04T17:34:49.456+05:30  INFO 13640 --- [bookstore] [main] o.apache.catalina.core.StandardService   : Starting service [Tomcat]
2026-08-04T17:34:49.459+05:30  INFO 13640 --- [bookstore] [main] o.apache.catalina.core.StandardEngine    : Starting Servlet engine: [Apache Tomcat/11.0.22]
2026-08-04T17:34:49.630+05:30  INFO 13640 --- [bookstore] [main] b.w.c.s.WebApplicationContextInitializer : Root WebApplicationContext: initialization completed in 2273 ms
2026-08-04T17:34:49.932+05:30  INFO 13640 --- [bookstore] [main] org.hibernate.orm.jpa                    : HHH008540: Processing PersistenceUnitInfo [name: default]
2026-08-04T17:34:50.061+05:30  INFO 13640 --- [bookstore] [main] org.hibernate.orm.core                   : HHH000001: Hibernate ORM core version 7.4.1.Final
2026-08-04T17:34:50.862+05:30  INFO 13640 --- [bookstore] [main] o.s.o.j.p.SpringPersistenceUnitInfo      : No LoadTimeWeaver setup: ignoring JPA class transformer
2026-08-04T17:34:50.936+05:30  INFO 13640 --- [bookstore] [main] com.zaxxer.hikari.HikariDataSource       : HikariPool-1 - Starting...
2026-08-04T17:34:51.303+05:30  INFO 13640 --- [bookstore] [main] com.zaxxer.hikari.pool.HikariPool        : HikariPool-1 - Added connection org.postgresql.jdbc.PgConnection@5ddd84d2
2026-08-04T17:34:51.306+05:30  INFO 13640 --- [bookstore] [main] com.zaxxer.hikari.HikariDataSource       : HikariPool-1 - Start completed.
2026-08-04T17:34:51.451+05:30  INFO 13640 --- [bookstore] [main] org.hibernate.orm.connections.pooling    : HHH10001005: Database info:
	Database JDBC URL [jdbc:postgresql://localhost:5432/bookstore_db]
	Database driver: PostgreSQL JDBC Driver
	Database dialect: PostgreSQLDialect
	Database version: 18.4
	Default catalog/schema: bookstore_db/public
	Autocommit mode: undefined/unknown
	Isolation level: READ_COMMITTED [default READ_COMMITTED]
	JDBC fetch size: none
	Pool: DataSourceConnectionProvider
	Minimum pool size: undefined/unknown
	Maximum pool size: undefined/unknown
2026-08-04T17:34:54.000+05:30  INFO 13640 --- [bookstore] [main] org.hibernate.orm.core                   : HHH000489: No JTA platform available (set 'hibernate.transaction.jta.platform' to enable JTA platform integration)
2026-08-04T17:34:54.208+05:30  INFO 13640 --- [bookstore] [main] j.LocalContainerEntityManagerFactoryBean : Initialized JPA EntityManagerFactory for persistence unit 'default'
2026-08-04T17:34:54.318+05:30  INFO 13640 --- [bookstore] [main] o.s.d.j.r.query.QueryEnhancerFactories   : Hibernate is in classpath; If applicable, HQL parser will be used.
2026-08-04T17:34:55.935+05:30  WARN 13640 --- [bookstore] [main] JpaBaseConfiguration$JpaWebConfiguration : spring.jpa.open-in-view is enabled by default. Therefore, database queries may be performed during view rendering. Explicitly configure spring.jpa.open-in-view to disable this warning
2026-08-04T17:34:56.530+05:30  INFO 13640 --- [bookstore] [main] o.s.boot.tomcat.TomcatWebServer          : Tomcat started on port 8080 (http) with context path '/'
2026-08-04T17:34:56.539+05:30  INFO 13640 --- [bookstore] [main] com.tss.bookstore.BookstoreApplication   : Started BookstoreApplication in 10.155 seconds (process running for 11.21)
2026-08-04T17:35:35.629+05:30  INFO 13640 --- [bookstore] [http-nio-8080-exec-1] o.a.c.c.C.[Tomcat].[localhost].[/]       : Initializing Spring DispatcherServlet 'dispatcherServlet'
2026-08-04T17:35:35.631+05:30  INFO 13640 --- [bookstore] [http-nio-8080-exec-1] o.s.web.servlet.DispatcherServlet        : Initializing Servlet 'dispatcherServlet'
2026-08-04T17:35:35.635+05:30  INFO 13640 --- [bookstore] [http-nio-8080-exec-1] o.s.web.servlet.DispatcherServlet        : Completed initialization in 3 ms
2026-08-04T17:35:35.854+05:30 DEBUG 13640 --- [bookstore] [http-nio-8080-exec-1] c.tss.bookstore.service.UserServiceImpl  : Fetching user profile. userId=16
2026-08-04T17:35:53.131+05:30  INFO 13640 --- [bookstore] [SpringApplicationShutdownHook] o.s.boot.tomcat.GracefulShutdown         : Commencing graceful shutdown. Waiting for active requests to complete
2026-08-04T17:35:53.723+05:30  INFO 13640 --- [bookstore] [tomcat-shutdown] o.s.boot.tomcat.GracefulShutdown         : Graceful shutdown complete
2026-08-04T17:35:53.732+05:30  INFO 13640 --- [bookstore] [SpringApplicationShutdownHook] j.LocalContainerEntityManagerFactoryBean : Closing JPA EntityManagerFactory for persistence unit 'default'
2026-08-04T17:35:53.737+05:30  INFO 13640 --- [bookstore] [SpringApplicationShutdownHook] com.zaxxer.hikari.HikariDataSource       : HikariPool-1 - Shutdown initiated...
2026-08-04T17:35:53.743+05:30  INFO 13640 --- [bookstore] [SpringApplicationShutdownHook] com.zaxxer.hikari.HikariDataSource       : HikariPool-1 - Shutdown completed.
2026-08-04T17:36:04.405+05:30  INFO 20076 --- [bookstore] [main] com.tss.bookstore.BookstoreApplication   : Starting BookstoreApplication using Java 18.0.2.1 with PID 20076 (C:\prince\assignment1\bookstore\target\classes started by Prince.Kakadiya in C:\prince\assignment1\bookstore)
2026-08-04T17:36:04.412+05:30 DEBUG 20076 --- [bookstore] [main] com.tss.bookstore.BookstoreApplication   : Running with Spring Boot v4.1.0, Spring v7.0.8
2026-08-04T17:36:04.413+05:30  INFO 20076 --- [bookstore] [main] com.tss.bookstore.BookstoreApplication   : No active profile set, falling back to 1 default profile: "default"
2026-08-04T17:36:05.890+05:30  INFO 20076 --- [bookstore] [main] .s.d.r.c.RepositoryConfigurationDelegate : Bootstrapping Spring Data JPA repositories in DEFAULT mode.
2026-08-04T17:36:06.071+05:30  INFO 20076 --- [bookstore] [main] .s.d.r.c.RepositoryConfigurationDelegate : Finished Spring Data repository scanning in 161 ms. Found 9 JPA repository interfaces.
2026-08-04T17:36:06.817+05:30  INFO 20076 --- [bookstore] [main] o.s.boot.tomcat.TomcatWebServer          : Tomcat initialized with port 8080 (http)
2026-08-04T17:36:06.838+05:30  INFO 20076 --- [bookstore] [main] o.apache.catalina.core.StandardService   : Starting service [Tomcat]
2026-08-04T17:36:06.839+05:30  INFO 20076 --- [bookstore] [main] o.apache.catalina.core.StandardEngine    : Starting Servlet engine: [Apache Tomcat/11.0.22]
2026-08-04T17:36:07.082+05:30  INFO 20076 --- [bookstore] [main] b.w.c.s.WebApplicationContextInitializer : Root WebApplicationContext: initialization completed in 2563 ms
2026-08-04T17:36:07.475+05:30  INFO 20076 --- [bookstore] [main] org.hibernate.orm.jpa                    : HHH008540: Processing PersistenceUnitInfo [name: default]
2026-08-04T17:36:07.676+05:30  INFO 20076 --- [bookstore] [main] org.hibernate.orm.core                   : HHH000001: Hibernate ORM core version 7.4.1.Final
2026-08-04T17:36:08.674+05:30  INFO 20076 --- [bookstore] [main] o.s.o.j.p.SpringPersistenceUnitInfo      : No LoadTimeWeaver setup: ignoring JPA class transformer
2026-08-04T17:36:08.730+05:30  INFO 20076 --- [bookstore] [main] com.zaxxer.hikari.HikariDataSource       : HikariPool-1 - Starting...
2026-08-04T17:36:09.077+05:30  INFO 20076 --- [bookstore] [main] com.zaxxer.hikari.pool.HikariPool        : HikariPool-1 - Added connection org.postgresql.jdbc.PgConnection@6febec41
2026-08-04T17:36:09.081+05:30  INFO 20076 --- [bookstore] [main] com.zaxxer.hikari.HikariDataSource       : HikariPool-1 - Start completed.
2026-08-04T17:36:09.256+05:30  INFO 20076 --- [bookstore] [main] org.hibernate.orm.connections.pooling    : HHH10001005: Database info:
	Database JDBC URL [jdbc:postgresql://localhost:5432/bookstore_db]
	Database driver: PostgreSQL JDBC Driver
	Database dialect: PostgreSQLDialect
	Database version: 18.4
	Default catalog/schema: bookstore_db/public
	Autocommit mode: undefined/unknown
	Isolation level: READ_COMMITTED [default READ_COMMITTED]
	JDBC fetch size: none
	Pool: DataSourceConnectionProvider
	Minimum pool size: undefined/unknown
	Maximum pool size: undefined/unknown
2026-08-04T17:36:11.771+05:30  INFO 20076 --- [bookstore] [main] org.hibernate.orm.core                   : HHH000489: No JTA platform available (set 'hibernate.transaction.jta.platform' to enable JTA platform integration)
2026-08-04T17:36:11.949+05:30  INFO 20076 --- [bookstore] [main] j.LocalContainerEntityManagerFactoryBean : Initialized JPA EntityManagerFactory for persistence unit 'default'
2026-08-04T17:36:12.105+05:30  INFO 20076 --- [bookstore] [main] o.s.d.j.r.query.QueryEnhancerFactories   : Hibernate is in classpath; If applicable, HQL parser will be used.
2026-08-04T17:36:13.861+05:30  WARN 20076 --- [bookstore] [main] JpaBaseConfiguration$JpaWebConfiguration : spring.jpa.open-in-view is enabled by default. Therefore, database queries may be performed during view rendering. Explicitly configure spring.jpa.open-in-view to disable this warning
2026-08-04T17:36:14.461+05:30  INFO 20076 --- [bookstore] [main] o.s.boot.tomcat.TomcatWebServer          : Tomcat started on port 8080 (http) with context path '/'
2026-08-04T17:36:14.471+05:30  INFO 20076 --- [bookstore] [main] com.tss.bookstore.BookstoreApplication   : Started BookstoreApplication in 10.916 seconds (process running for 11.915)
2026-08-04T17:36:19.116+05:30  INFO 20076 --- [bookstore] [http-nio-8080-exec-1] o.a.c.c.C.[Tomcat].[localhost].[/]       : Initializing Spring DispatcherServlet 'dispatcherServlet'
2026-08-04T17:36:19.117+05:30  INFO 20076 --- [bookstore] [http-nio-8080-exec-1] o.s.web.servlet.DispatcherServlet        : Initializing Servlet 'dispatcherServlet'
2026-08-04T17:36:19.121+05:30  INFO 20076 --- [bookstore] [http-nio-8080-exec-1] o.s.web.servlet.DispatcherServlet        : Completed initialization in 2 ms
2026-08-04T17:36:19.239+05:30 DEBUG 20076 --- [bookstore] [http-nio-8080-exec-1] c.tss.bookstore.service.UserServiceImpl  : Fetching user profile. userId=16
2026-08-04T17:41:55.063+05:30  INFO 20076 --- [bookstore] [SpringApplicationShutdownHook] o.s.boot.tomcat.GracefulShutdown         : Commencing graceful shutdown. Waiting for active requests to complete
2026-08-04T17:41:55.572+05:30  INFO 20076 --- [bookstore] [tomcat-shutdown] o.s.boot.tomcat.GracefulShutdown         : Graceful shutdown complete
2026-08-04T17:41:55.594+05:30  INFO 20076 --- [bookstore] [SpringApplicationShutdownHook] j.LocalContainerEntityManagerFactoryBean : Closing JPA EntityManagerFactory for persistence unit 'default'
2026-08-04T17:41:55.621+05:30  INFO 20076 --- [bookstore] [SpringApplicationShutdownHook] com.zaxxer.hikari.HikariDataSource       : HikariPool-1 - Shutdown initiated...
2026-08-04T17:41:55.632+05:30  INFO 20076 --- [bookstore] [SpringApplicationShutdownHook] com.zaxxer.hikari.HikariDataSource       : HikariPool-1 - Shutdown completed.
2026-08-04T17:42:04.815+05:30  INFO 17128 --- [bookstore] [main] com.tss.bookstore.BookstoreApplication   : Starting BookstoreApplication using Java 18.0.2.1 with PID 17128 (C:\prince\assignment1\bookstore\target\classes started by Prince.Kakadiya in C:\prince\assignment1\bookstore)
2026-08-04T17:42:04.822+05:30 DEBUG 17128 --- [bookstore] [main] com.tss.bookstore.BookstoreApplication   : Running with Spring Boot v4.1.0, Spring v7.0.8
2026-08-04T17:42:04.825+05:30  INFO 17128 --- [bookstore] [main] com.tss.bookstore.BookstoreApplication   : No active profile set, falling back to 1 default profile: "default"
2026-08-04T17:42:06.396+05:30  INFO 17128 --- [bookstore] [main] .s.d.r.c.RepositoryConfigurationDelegate : Bootstrapping Spring Data JPA repositories in DEFAULT mode.
2026-08-04T17:42:06.644+05:30  INFO 17128 --- [bookstore] [main] .s.d.r.c.RepositoryConfigurationDelegate : Finished Spring Data repository scanning in 234 ms. Found 9 JPA repository interfaces.
2026-08-04T17:42:07.839+05:30  INFO 17128 --- [bookstore] [main] o.s.boot.tomcat.TomcatWebServer          : Tomcat initialized with port 8080 (http)
2026-08-04T17:42:07.876+05:30  INFO 17128 --- [bookstore] [main] o.apache.catalina.core.StandardService   : Starting service [Tomcat]
2026-08-04T17:42:07.877+05:30  INFO 17128 --- [bookstore] [main] o.apache.catalina.core.StandardEngine    : Starting Servlet engine: [Apache Tomcat/11.0.22]
2026-08-04T17:42:08.250+05:30  INFO 17128 --- [bookstore] [main] b.w.c.s.WebApplicationContextInitializer : Root WebApplicationContext: initialization completed in 3317 ms
2026-08-04T17:42:08.547+05:30  INFO 17128 --- [bookstore] [main] org.hibernate.orm.jpa                    : HHH008540: Processing PersistenceUnitInfo [name: default]
2026-08-04T17:42:08.675+05:30  INFO 17128 --- [bookstore] [main] org.hibernate.orm.core                   : HHH000001: Hibernate ORM core version 7.4.1.Final
2026-08-04T17:42:09.729+05:30  INFO 17128 --- [bookstore] [main] o.s.o.j.p.SpringPersistenceUnitInfo      : No LoadTimeWeaver setup: ignoring JPA class transformer
2026-08-04T17:42:09.813+05:30  INFO 17128 --- [bookstore] [main] com.zaxxer.hikari.HikariDataSource       : HikariPool-1 - Starting...
2026-08-04T17:42:10.201+05:30  INFO 17128 --- [bookstore] [main] com.zaxxer.hikari.pool.HikariPool        : HikariPool-1 - Added connection org.postgresql.jdbc.PgConnection@7aa15a80
2026-08-04T17:42:10.204+05:30  INFO 17128 --- [bookstore] [main] com.zaxxer.hikari.HikariDataSource       : HikariPool-1 - Start completed.
2026-08-04T17:42:10.370+05:30  INFO 17128 --- [bookstore] [main] org.hibernate.orm.connections.pooling    : HHH10001005: Database info:
	Database JDBC URL [jdbc:postgresql://localhost:5432/bookstore_db]
	Database driver: PostgreSQL JDBC Driver
	Database dialect: PostgreSQLDialect
	Database version: 18.4
	Default catalog/schema: bookstore_db/public
	Autocommit mode: undefined/unknown
	Isolation level: READ_COMMITTED [default READ_COMMITTED]
	JDBC fetch size: none
	Pool: DataSourceConnectionProvider
	Minimum pool size: undefined/unknown
	Maximum pool size: undefined/unknown
2026-08-04T17:42:13.553+05:30  INFO 17128 --- [bookstore] [main] org.hibernate.orm.core                   : HHH000489: No JTA platform available (set 'hibernate.transaction.jta.platform' to enable JTA platform integration)
2026-08-04T17:42:13.752+05:30  INFO 17128 --- [bookstore] [main] j.LocalContainerEntityManagerFactoryBean : Initialized JPA EntityManagerFactory for persistence unit 'default'
2026-08-04T17:42:13.909+05:30  INFO 17128 --- [bookstore] [main] o.s.d.j.r.query.QueryEnhancerFactories   : Hibernate is in classpath; If applicable, HQL parser will be used.
2026-08-04T17:42:15.861+05:30  WARN 17128 --- [bookstore] [main] JpaBaseConfiguration$JpaWebConfiguration : spring.jpa.open-in-view is enabled by default. Therefore, database queries may be performed during view rendering. Explicitly configure spring.jpa.open-in-view to disable this warning
2026-08-04T17:42:16.467+05:30  INFO 17128 --- [bookstore] [main] o.s.boot.tomcat.TomcatWebServer          : Tomcat started on port 8080 (http) with context path '/'
2026-08-04T17:42:16.475+05:30  INFO 17128 --- [bookstore] [main] com.tss.bookstore.BookstoreApplication   : Started BookstoreApplication in 12.486 seconds (process running for 13.565)
2026-08-04T17:42:23.149+05:30  INFO 17128 --- [bookstore] [http-nio-8080-exec-1] o.a.c.c.C.[Tomcat].[localhost].[/]       : Initializing Spring DispatcherServlet 'dispatcherServlet'
2026-08-04T17:42:23.150+05:30  INFO 17128 --- [bookstore] [http-nio-8080-exec-1] o.s.web.servlet.DispatcherServlet        : Initializing Servlet 'dispatcherServlet'
2026-08-04T17:42:23.153+05:30  INFO 17128 --- [bookstore] [http-nio-8080-exec-1] o.s.web.servlet.DispatcherServlet        : Completed initialization in 2 ms
2026-08-04T17:42:23.269+05:30 DEBUG 17128 --- [bookstore] [http-nio-8080-exec-1] c.tss.bookstore.service.UserServiceImpl  : Fetching user profile. userId=16
2026-08-04T17:53:53.711+05:30  INFO 17128 --- [bookstore] [SpringApplicationShutdownHook] o.s.boot.tomcat.GracefulShutdown         : Commencing graceful shutdown. Waiting for active requests to complete
2026-08-04T17:53:54.301+05:30  INFO 17128 --- [bookstore] [tomcat-shutdown] o.s.boot.tomcat.GracefulShutdown         : Graceful shutdown complete
2026-08-04T17:53:54.373+05:30  INFO 17128 --- [bookstore] [SpringApplicationShutdownHook] j.LocalContainerEntityManagerFactoryBean : Closing JPA EntityManagerFactory for persistence unit 'default'
2026-08-04T17:53:54.464+05:30  INFO 17128 --- [bookstore] [SpringApplicationShutdownHook] com.zaxxer.hikari.HikariDataSource       : HikariPool-1 - Shutdown initiated...
2026-08-04T17:53:54.502+05:30  INFO 17128 --- [bookstore] [SpringApplicationShutdownHook] com.zaxxer.hikari.HikariDataSource       : HikariPool-1 - Shutdown completed.
2026-08-04T17:54:07.266+05:30  INFO 12196 --- [bookstore] [main] com.tss.bookstore.BookstoreApplication   : Starting BookstoreApplication using Java 18.0.2.1 with PID 12196 (C:\prince\assignment1\bookstore\target\classes started by Prince.Kakadiya in C:\prince\assignment1\bookstore)
2026-08-04T17:54:07.272+05:30 DEBUG 12196 --- [bookstore] [main] com.tss.bookstore.BookstoreApplication   : Running with Spring Boot v4.1.0, Spring v7.0.8
2026-08-04T17:54:07.274+05:30  INFO 12196 --- [bookstore] [main] com.tss.bookstore.BookstoreApplication   : No active profile set, falling back to 1 default profile: "default"
2026-08-04T17:54:08.687+05:30  INFO 12196 --- [bookstore] [main] .s.d.r.c.RepositoryConfigurationDelegate : Bootstrapping Spring Data JPA repositories in DEFAULT mode.
2026-08-04T17:54:08.840+05:30  INFO 12196 --- [bookstore] [main] .s.d.r.c.RepositoryConfigurationDelegate : Finished Spring Data repository scanning in 139 ms. Found 9 JPA repository interfaces.
2026-08-04T17:54:10.013+05:30  INFO 12196 --- [bookstore] [main] o.s.boot.tomcat.TomcatWebServer          : Tomcat initialized with port 8080 (http)
2026-08-04T17:54:10.042+05:30  INFO 12196 --- [bookstore] [main] o.apache.catalina.core.StandardService   : Starting service [Tomcat]
2026-08-04T17:54:10.044+05:30  INFO 12196 --- [bookstore] [main] o.apache.catalina.core.StandardEngine    : Starting Servlet engine: [Apache Tomcat/11.0.22]
2026-08-04T17:54:10.287+05:30  INFO 12196 --- [bookstore] [main] b.w.c.s.WebApplicationContextInitializer : Root WebApplicationContext: initialization completed in 2897 ms
2026-08-04T17:54:10.616+05:30  INFO 12196 --- [bookstore] [main] org.hibernate.orm.jpa                    : HHH008540: Processing PersistenceUnitInfo [name: default]
2026-08-04T17:54:10.740+05:30  INFO 12196 --- [bookstore] [main] org.hibernate.orm.core                   : HHH000001: Hibernate ORM core version 7.4.1.Final
2026-08-04T17:54:11.734+05:30  INFO 12196 --- [bookstore] [main] o.s.o.j.p.SpringPersistenceUnitInfo      : No LoadTimeWeaver setup: ignoring JPA class transformer
2026-08-04T17:54:11.795+05:30  INFO 12196 --- [bookstore] [main] com.zaxxer.hikari.HikariDataSource       : HikariPool-1 - Starting...
2026-08-04T17:54:12.210+05:30  INFO 12196 --- [bookstore] [main] com.zaxxer.hikari.pool.HikariPool        : HikariPool-1 - Added connection org.postgresql.jdbc.PgConnection@7c4ca87c
2026-08-04T17:54:12.213+05:30  INFO 12196 --- [bookstore] [main] com.zaxxer.hikari.HikariDataSource       : HikariPool-1 - Start completed.
2026-08-04T17:54:12.348+05:30  INFO 12196 --- [bookstore] [main] org.hibernate.orm.connections.pooling    : HHH10001005: Database info:
	Database JDBC URL [jdbc:postgresql://localhost:5432/bookstore_db]
	Database driver: PostgreSQL JDBC Driver
	Database dialect: PostgreSQLDialect
	Database version: 18.4
	Default catalog/schema: bookstore_db/public
	Autocommit mode: undefined/unknown
	Isolation level: READ_COMMITTED [default READ_COMMITTED]
	JDBC fetch size: none
	Pool: DataSourceConnectionProvider
	Minimum pool size: undefined/unknown
	Maximum pool size: undefined/unknown
2026-08-04T17:54:15.112+05:30  INFO 12196 --- [bookstore] [main] org.hibernate.orm.core                   : HHH000489: No JTA platform available (set 'hibernate.transaction.jta.platform' to enable JTA platform integration)
2026-08-04T17:54:15.210+05:30  INFO 12196 --- [bookstore] [main] j.LocalContainerEntityManagerFactoryBean : Initialized JPA EntityManagerFactory for persistence unit 'default'
2026-08-04T17:54:15.277+05:30  INFO 12196 --- [bookstore] [main] o.s.d.j.r.query.QueryEnhancerFactories   : Hibernate is in classpath; If applicable, HQL parser will be used.
2026-08-04T17:54:16.405+05:30  WARN 12196 --- [bookstore] [main] JpaBaseConfiguration$JpaWebConfiguration : spring.jpa.open-in-view is enabled by default. Therefore, database queries may be performed during view rendering. Explicitly configure spring.jpa.open-in-view to disable this warning
2026-08-04T17:54:16.707+05:30  INFO 12196 --- [bookstore] [main] o.s.boot.tomcat.TomcatWebServer          : Tomcat started on port 8080 (http) with context path '/'
2026-08-04T17:54:16.713+05:30  INFO 12196 --- [bookstore] [main] com.tss.bookstore.BookstoreApplication   : Started BookstoreApplication in 10.33 seconds (process running for 11.705)
2026-08-04T17:54:27.951+05:30  INFO 12196 --- [bookstore] [http-nio-8080-exec-1] o.a.c.c.C.[Tomcat].[localhost].[/]       : Initializing Spring DispatcherServlet 'dispatcherServlet'
2026-08-04T17:54:27.951+05:30  INFO 12196 --- [bookstore] [http-nio-8080-exec-1] o.s.web.servlet.DispatcherServlet        : Initializing Servlet 'dispatcherServlet'
2026-08-04T17:54:27.953+05:30  INFO 12196 --- [bookstore] [http-nio-8080-exec-1] o.s.web.servlet.DispatcherServlet        : Completed initialization in 1 ms
2026-08-04T17:54:28.026+05:30 DEBUG 12196 --- [bookstore] [http-nio-8080-exec-1] c.tss.bookstore.service.UserServiceImpl  : Fetching user profile. userId=16
2026-08-04T17:54:43.528+05:30 DEBUG 12196 --- [bookstore] [http-nio-8080-exec-2] c.tss.bookstore.service.UserServiceImpl  : Fetching user with profile. userId=16
2026-08-04T17:54:52.278+05:30 DEBUG 12196 --- [bookstore] [http-nio-8080-exec-3] c.tss.bookstore.service.UserServiceImpl  : Fetching user. userId=16
2026-08-04T17:54:58.628+05:30 DEBUG 12196 --- [bookstore] [http-nio-8080-exec-4] c.tss.bookstore.service.UserServiceImpl  : Fetching user profile. userId=16
2026-08-04T17:55:03.097+05:30 DEBUG 12196 --- [bookstore] [http-nio-8080-exec-5] c.tss.bookstore.service.UserServiceImpl  : Fetching user with profile. userId=16
2026-08-04T18:31:33.944+05:30  INFO 12196 --- [bookstore] [SpringApplicationShutdownHook] o.s.boot.tomcat.GracefulShutdown         : Commencing graceful shutdown. Waiting for active requests to complete
2026-08-04T18:31:34.253+05:30  INFO 12196 --- [bookstore] [tomcat-shutdown] o.s.boot.tomcat.GracefulShutdown         : Graceful shutdown complete
2026-08-04T18:31:34.287+05:30  INFO 12196 --- [bookstore] [SpringApplicationShutdownHook] j.LocalContainerEntityManagerFactoryBean : Closing JPA EntityManagerFactory for persistence unit 'default'
2026-08-04T18:31:34.335+05:30  INFO 12196 --- [bookstore] [SpringApplicationShutdownHook] com.zaxxer.hikari.HikariDataSource       : HikariPool-1 - Shutdown initiated...
2026-08-04T18:31:34.351+05:30  INFO 12196 --- [bookstore] [SpringApplicationShutdownHook] com.zaxxer.hikari.HikariDataSource       : HikariPool-1 - Shutdown completed.
2026-08-04T18:31:41.119+05:30  INFO 18952 --- [bookstore] [main] com.tss.bookstore.BookstoreApplication   : Starting BookstoreApplication using Java 18.0.2.1 with PID 18952 (C:\prince\assignment1\bookstore\target\classes started by Prince.Kakadiya in C:\prince\assignment1\bookstore)
2026-08-04T18:31:41.124+05:30 DEBUG 18952 --- [bookstore] [main] com.tss.bookstore.BookstoreApplication   : Running with Spring Boot v4.1.0, Spring v7.0.8
2026-08-04T18:31:41.124+05:30  INFO 18952 --- [bookstore] [main] com.tss.bookstore.BookstoreApplication   : No active profile set, falling back to 1 default profile: "default"
2026-08-04T18:31:41.965+05:30  INFO 18952 --- [bookstore] [main] .s.d.r.c.RepositoryConfigurationDelegate : Bootstrapping Spring Data JPA repositories in DEFAULT mode.
2026-08-04T18:31:42.064+05:30  INFO 18952 --- [bookstore] [main] .s.d.r.c.RepositoryConfigurationDelegate : Finished Spring Data repository scanning in 86 ms. Found 9 JPA repository interfaces.
2026-08-04T18:31:42.593+05:30  INFO 18952 --- [bookstore] [main] o.s.boot.tomcat.TomcatWebServer          : Tomcat initialized with port 8080 (http)
2026-08-04T18:31:42.612+05:30  INFO 18952 --- [bookstore] [main] o.apache.catalina.core.StandardService   : Starting service [Tomcat]
2026-08-04T18:31:42.613+05:30  INFO 18952 --- [bookstore] [main] o.apache.catalina.core.StandardEngine    : Starting Servlet engine: [Apache Tomcat/11.0.22]
2026-08-04T18:31:42.688+05:30  INFO 18952 --- [bookstore] [main] b.w.c.s.WebApplicationContextInitializer : Root WebApplicationContext: initialization completed in 1482 ms
2026-08-04T18:31:42.880+05:30  INFO 18952 --- [bookstore] [main] org.hibernate.orm.jpa                    : HHH008540: Processing PersistenceUnitInfo [name: default]
2026-08-04T18:31:42.945+05:30  INFO 18952 --- [bookstore] [main] org.hibernate.orm.core                   : HHH000001: Hibernate ORM core version 7.4.1.Final
2026-08-04T18:31:43.584+05:30  INFO 18952 --- [bookstore] [main] o.s.o.j.p.SpringPersistenceUnitInfo      : No LoadTimeWeaver setup: ignoring JPA class transformer
2026-08-04T18:31:43.619+05:30  INFO 18952 --- [bookstore] [main] com.zaxxer.hikari.HikariDataSource       : HikariPool-1 - Starting...
2026-08-04T18:31:43.858+05:30  INFO 18952 --- [bookstore] [main] com.zaxxer.hikari.pool.HikariPool        : HikariPool-1 - Added connection org.postgresql.jdbc.PgConnection@6febec41
2026-08-04T18:31:43.860+05:30  INFO 18952 --- [bookstore] [main] com.zaxxer.hikari.HikariDataSource       : HikariPool-1 - Start completed.
2026-08-04T18:31:43.936+05:30  INFO 18952 --- [bookstore] [main] org.hibernate.orm.connections.pooling    : HHH10001005: Database info:
	Database JDBC URL [jdbc:postgresql://localhost:5432/bookstore_db]
	Database driver: PostgreSQL JDBC Driver
	Database dialect: PostgreSQLDialect
	Database version: 18.4
	Default catalog/schema: bookstore_db/public
	Autocommit mode: undefined/unknown
	Isolation level: READ_COMMITTED [default READ_COMMITTED]
	JDBC fetch size: none
	Pool: DataSourceConnectionProvider
	Minimum pool size: undefined/unknown
	Maximum pool size: undefined/unknown
2026-08-04T18:31:45.689+05:30  INFO 18952 --- [bookstore] [main] org.hibernate.orm.core                   : HHH000489: No JTA platform available (set 'hibernate.transaction.jta.platform' to enable JTA platform integration)
2026-08-04T18:31:45.825+05:30  INFO 18952 --- [bookstore] [main] j.LocalContainerEntityManagerFactoryBean : Initialized JPA EntityManagerFactory for persistence unit 'default'
2026-08-04T18:31:45.914+05:30  INFO 18952 --- [bookstore] [main] o.s.d.j.r.query.QueryEnhancerFactories   : Hibernate is in classpath; If applicable, HQL parser will be used.
2026-08-04T18:31:46.971+05:30  WARN 18952 --- [bookstore] [main] JpaBaseConfiguration$JpaWebConfiguration : spring.jpa.open-in-view is enabled by default. Therefore, database queries may be performed during view rendering. Explicitly configure spring.jpa.open-in-view to disable this warning
2026-08-04T18:31:47.602+05:30  INFO 18952 --- [bookstore] [main] o.s.boot.tomcat.TomcatWebServer          : Tomcat started on port 8080 (http) with context path '/'
2026-08-04T18:31:47.607+05:30  INFO 18952 --- [bookstore] [main] com.tss.bookstore.BookstoreApplication   : Started BookstoreApplication in 7.141 seconds (process running for 8.069)
2026-08-04T18:34:12.492+05:30  INFO 18952 --- [bookstore] [http-nio-8080-exec-2] o.a.c.c.C.[Tomcat].[localhost].[/]       : Initializing Spring DispatcherServlet 'dispatcherServlet'
2026-08-04T18:34:12.493+05:30  INFO 18952 --- [bookstore] [http-nio-8080-exec-2] o.s.web.servlet.DispatcherServlet        : Initializing Servlet 'dispatcherServlet'
2026-08-04T18:34:12.501+05:30  INFO 18952 --- [bookstore] [http-nio-8080-exec-2] o.s.web.servlet.DispatcherServlet        : Completed initialization in 8 ms
2026-08-04T18:34:12.563+05:30 DEBUG 18952 --- [bookstore] [http-nio-8080-exec-2] c.tss.bookstore.service.UserServiceImpl  : Fetching users. page=0, size=20
2026-08-04T18:38:41.170+05:30  INFO 18952 --- [bookstore] [SpringApplicationShutdownHook] o.s.boot.tomcat.GracefulShutdown         : Commencing graceful shutdown. Waiting for active requests to complete
2026-08-04T18:38:41.452+05:30  INFO 18952 --- [bookstore] [tomcat-shutdown] o.s.boot.tomcat.GracefulShutdown         : Graceful shutdown complete
2026-08-04T18:38:41.479+05:30  INFO 18952 --- [bookstore] [SpringApplicationShutdownHook] j.LocalContainerEntityManagerFactoryBean : Closing JPA EntityManagerFactory for persistence unit 'default'
2026-08-04T18:38:41.495+05:30  INFO 18952 --- [bookstore] [SpringApplicationShutdownHook] com.zaxxer.hikari.HikariDataSource       : HikariPool-1 - Shutdown initiated...
2026-08-04T18:38:41.503+05:30  INFO 18952 --- [bookstore] [SpringApplicationShutdownHook] com.zaxxer.hikari.HikariDataSource       : HikariPool-1 - Shutdown completed.
2026-08-04T18:38:47.753+05:30  INFO 14296 --- [bookstore] [main] com.tss.bookstore.BookstoreApplication   : Starting BookstoreApplication using Java 18.0.2.1 with PID 14296 (C:\prince\assignment1\bookstore\target\classes started by Prince.Kakadiya in C:\prince\assignment1\bookstore)
2026-08-04T18:38:47.756+05:30 DEBUG 14296 --- [bookstore] [main] com.tss.bookstore.BookstoreApplication   : Running with Spring Boot v4.1.0, Spring v7.0.8
2026-08-04T18:38:47.757+05:30  INFO 14296 --- [bookstore] [main] com.tss.bookstore.BookstoreApplication   : No active profile set, falling back to 1 default profile: "default"
2026-08-04T18:38:48.484+05:30  INFO 14296 --- [bookstore] [main] .s.d.r.c.RepositoryConfigurationDelegate : Bootstrapping Spring Data JPA repositories in DEFAULT mode.
2026-08-04T18:38:48.581+05:30  INFO 14296 --- [bookstore] [main] .s.d.r.c.RepositoryConfigurationDelegate : Finished Spring Data repository scanning in 86 ms. Found 9 JPA repository interfaces.
2026-08-04T18:38:49.073+05:30  INFO 14296 --- [bookstore] [main] o.s.boot.tomcat.TomcatWebServer          : Tomcat initialized with port 8080 (http)
2026-08-04T18:38:49.085+05:30  INFO 14296 --- [bookstore] [main] o.apache.catalina.core.StandardService   : Starting service [Tomcat]
2026-08-04T18:38:49.086+05:30  INFO 14296 --- [bookstore] [main] o.apache.catalina.core.StandardEngine    : Starting Servlet engine: [Apache Tomcat/11.0.22]
2026-08-04T18:38:49.165+05:30  INFO 14296 --- [bookstore] [main] b.w.c.s.WebApplicationContextInitializer : Root WebApplicationContext: initialization completed in 1348 ms
2026-08-04T18:38:49.335+05:30  INFO 14296 --- [bookstore] [main] org.hibernate.orm.jpa                    : HHH008540: Processing PersistenceUnitInfo [name: default]
2026-08-04T18:38:49.396+05:30  INFO 14296 --- [bookstore] [main] org.hibernate.orm.core                   : HHH000001: Hibernate ORM core version 7.4.1.Final
2026-08-04T18:38:49.836+05:30  INFO 14296 --- [bookstore] [main] o.s.o.j.p.SpringPersistenceUnitInfo      : No LoadTimeWeaver setup: ignoring JPA class transformer
2026-08-04T18:38:49.871+05:30  INFO 14296 --- [bookstore] [main] com.zaxxer.hikari.HikariDataSource       : HikariPool-1 - Starting...
2026-08-04T18:38:50.231+05:30  INFO 14296 --- [bookstore] [main] com.zaxxer.hikari.pool.HikariPool        : HikariPool-1 - Added connection org.postgresql.jdbc.PgConnection@226e07e7
2026-08-04T18:38:50.232+05:30  INFO 14296 --- [bookstore] [main] com.zaxxer.hikari.HikariDataSource       : HikariPool-1 - Start completed.
2026-08-04T18:38:50.312+05:30  INFO 14296 --- [bookstore] [main] org.hibernate.orm.connections.pooling    : HHH10001005: Database info:
	Database JDBC URL [jdbc:postgresql://localhost:5432/bookstore_db]
	Database driver: PostgreSQL JDBC Driver
	Database dialect: PostgreSQLDialect
	Database version: 18.4
	Default catalog/schema: bookstore_db/public
	Autocommit mode: undefined/unknown
	Isolation level: READ_COMMITTED [default READ_COMMITTED]
	JDBC fetch size: none
	Pool: DataSourceConnectionProvider
	Minimum pool size: undefined/unknown
	Maximum pool size: undefined/unknown
2026-08-04T18:38:51.760+05:30  INFO 14296 --- [bookstore] [main] org.hibernate.orm.core                   : HHH000489: No JTA platform available (set 'hibernate.transaction.jta.platform' to enable JTA platform integration)
2026-08-04T18:38:51.877+05:30  INFO 14296 --- [bookstore] [main] j.LocalContainerEntityManagerFactoryBean : Initialized JPA EntityManagerFactory for persistence unit 'default'
2026-08-04T18:38:51.946+05:30  INFO 14296 --- [bookstore] [main] o.s.d.j.r.query.QueryEnhancerFactories   : Hibernate is in classpath; If applicable, HQL parser will be used.
2026-08-04T18:38:52.855+05:30  WARN 14296 --- [bookstore] [main] ConfigServletWebServerApplicationContext : Exception encountered during context initialization - cancelling refresh attempt: org.springframework.beans.factory.UnsatisfiedDependencyException: Error creating bean with name 'orderController' defined in file [C:\prince\assignment1\bookstore\target\classes\com\tss\bookstore\controller\OrderController.class]: Unsatisfied dependency expressed through constructor parameter 0: Error creating bean with name 'orderServiceImpl' defined in file [C:\prince\assignment1\bookstore\target\classes\com\tss\bookstore\service\OrderServiceImpl.class]: Unsatisfied dependency expressed through constructor parameter 1: Error creating bean with name 'userRepository' defined in com.tss.bookstore.repository.UserRepository defined in @EnableJpaRepositories declared on DataJpaRepositoriesRegistrar.EnableJpaRepositoriesConfiguration: No property 'trueWithProfile' found for type 'boolean'; Traversed path: User.isActive
2026-08-04T18:38:52.856+05:30  INFO 14296 --- [bookstore] [main] j.LocalContainerEntityManagerFactoryBean : Closing JPA EntityManagerFactory for persistence unit 'default'
2026-08-04T18:38:52.859+05:30  INFO 14296 --- [bookstore] [main] com.zaxxer.hikari.HikariDataSource       : HikariPool-1 - Shutdown initiated...
2026-08-04T18:38:52.863+05:30  INFO 14296 --- [bookstore] [main] com.zaxxer.hikari.HikariDataSource       : HikariPool-1 - Shutdown completed.
2026-08-04T18:38:52.872+05:30  INFO 14296 --- [bookstore] [main] o.apache.catalina.core.StandardService   : Stopping service [Tomcat]
2026-08-04T18:38:52.896+05:30  INFO 14296 --- [bookstore] [main] .s.b.a.l.ConditionEvaluationReportLogger : 

Error starting ApplicationContext. To display the condition evaluation report re-run your application with 'debug' enabled.
2026-08-04T18:38:52.912+05:30 ERROR 14296 --- [bookstore] [main] o.s.boot.SpringApplication               : Application run failed

org.springframework.beans.factory.UnsatisfiedDependencyException: Error creating bean with name 'orderController' defined in file [C:\prince\assignment1\bookstore\target\classes\com\tss\bookstore\controller\OrderController.class]: Unsatisfied dependency expressed through constructor parameter 0: Error creating bean with name 'orderServiceImpl' defined in file [C:\prince\assignment1\bookstore\target\classes\com\tss\bookstore\service\OrderServiceImpl.class]: Unsatisfied dependency expressed through constructor parameter 1: Error creating bean with name 'userRepository' defined in com.tss.bookstore.repository.UserRepository defined in @EnableJpaRepositories declared on DataJpaRepositoriesRegistrar.EnableJpaRepositoriesConfiguration: No property 'trueWithProfile' found for type 'boolean'; Traversed path: User.isActive
	at org.springframework.beans.factory.support.ConstructorResolver.createArgumentArray(ConstructorResolver.java:804) ~[spring-beans-7.0.8.jar:7.0.8]
	at org.springframework.beans.factory.support.ConstructorResolver.autowireConstructor(ConstructorResolver.java:240) ~[spring-beans-7.0.8.jar:7.0.8]
	at org.springframework.beans.factory.support.AbstractAutowireCapableBeanFactory.autowireConstructor(AbstractAutowireCapableBeanFactory.java:1380) ~[spring-beans-7.0.8.jar:7.0.8]
	at org.springframework.beans.factory.support.AbstractAutowireCapableBeanFactory.createBeanInstance(AbstractAutowireCapableBeanFactory.java:1219) ~[spring-beans-7.0.8.jar:7.0.8]
	at org.springframework.beans.factory.support.AbstractAutowireCapableBeanFactory.doCreateBean(AbstractAutowireCapableBeanFactory.java:565) ~[spring-beans-7.0.8.jar:7.0.8]
	at org.springframework.beans.factory.support.AbstractAutowireCapableBeanFactory.createBean(AbstractAutowireCapableBeanFactory.java:525) ~[spring-beans-7.0.8.jar:7.0.8]
	at org.springframework.beans.factory.support.AbstractBeanFactory.lambda$doGetBean$0(AbstractBeanFactory.java:333) ~[spring-beans-7.0.8.jar:7.0.8]
	at org.springframework.beans.factory.support.DefaultSingletonBeanRegistry.getSingleton(DefaultSingletonBeanRegistry.java:371) ~[spring-beans-7.0.8.jar:7.0.8]
	at org.springframework.beans.factory.support.AbstractBeanFactory.doGetBean(AbstractBeanFactory.java:331) ~[spring-beans-7.0.8.jar:7.0.8]
	at org.springframework.beans.factory.support.AbstractBeanFactory.getBean(AbstractBeanFactory.java:196) ~[spring-beans-7.0.8.jar:7.0.8]
	at org.springframework.beans.factory.support.DefaultListableBeanFactory.instantiateSingleton(DefaultListableBeanFactory.java:1225) ~[spring-beans-7.0.8.jar:7.0.8]
	at org.springframework.beans.factory.support.DefaultListableBeanFactory.preInstantiateSingleton(DefaultListableBeanFactory.java:1191) ~[spring-beans-7.0.8.jar:7.0.8]
	at org.springframework.beans.factory.support.DefaultListableBeanFactory.preInstantiateSingletons(DefaultListableBeanFactory.java:1121) ~[spring-beans-7.0.8.jar:7.0.8]
	at org.springframework.context.support.AbstractApplicationContext.finishBeanFactoryInitialization(AbstractApplicationContext.java:994) ~[spring-context-7.0.8.jar:7.0.8]
	at org.springframework.context.support.AbstractApplicationContext.refresh(AbstractApplicationContext.java:621) ~[spring-context-7.0.8.jar:7.0.8]
	at org.springframework.boot.web.server.servlet.context.ServletWebServerApplicationContext.refresh(ServletWebServerApplicationContext.java:143) ~[spring-boot-web-server-4.1.0.jar:4.1.0]
	at org.springframework.boot.SpringApplication.refresh(SpringApplication.java:756) ~[spring-boot-4.1.0.jar:4.1.0]
	at org.springframework.boot.SpringApplication.refreshContext(SpringApplication.java:445) ~[spring-boot-4.1.0.jar:4.1.0]
	at org.springframework.boot.SpringApplication.run(SpringApplication.java:321) ~[spring-boot-4.1.0.jar:4.1.0]
	at org.springframework.boot.SpringApplication.run(SpringApplication.java:1365) ~[spring-boot-4.1.0.jar:4.1.0]
	at org.springframework.boot.SpringApplication.run(SpringApplication.java:1354) ~[spring-boot-4.1.0.jar:4.1.0]
	at com.tss.bookstore.BookstoreApplication.main(BookstoreApplication.java:10) ~[classes/:na]
Caused by: org.springframework.beans.factory.UnsatisfiedDependencyException: Error creating bean with name 'orderServiceImpl' defined in file [C:\prince\assignment1\bookstore\target\classes\com\tss\bookstore\service\OrderServiceImpl.class]: Unsatisfied dependency expressed through constructor parameter 1: Error creating bean with name 'userRepository' defined in com.tss.bookstore.repository.UserRepository defined in @EnableJpaRepositories declared on DataJpaRepositoriesRegistrar.EnableJpaRepositoriesConfiguration: No property 'trueWithProfile' found for type 'boolean'; Traversed path: User.isActive
	at org.springframework.beans.factory.support.ConstructorResolver.createArgumentArray(ConstructorResolver.java:804) ~[spring-beans-7.0.8.jar:7.0.8]
	at org.springframework.beans.factory.support.ConstructorResolver.autowireConstructor(ConstructorResolver.java:240) ~[spring-beans-7.0.8.jar:7.0.8]
	at org.springframework.beans.factory.support.AbstractAutowireCapableBeanFactory.autowireConstructor(AbstractAutowireCapableBeanFactory.java:1380) ~[spring-beans-7.0.8.jar:7.0.8]
	at org.springframework.beans.factory.support.AbstractAutowireCapableBeanFactory.createBeanInstance(AbstractAutowireCapableBeanFactory.java:1219) ~[spring-beans-7.0.8.jar:7.0.8]
	at org.springframework.beans.factory.support.AbstractAutowireCapableBeanFactory.doCreateBean(AbstractAutowireCapableBeanFactory.java:565) ~[spring-beans-7.0.8.jar:7.0.8]
	at org.springframework.beans.factory.support.AbstractAutowireCapableBeanFactory.createBean(AbstractAutowireCapableBeanFactory.java:525) ~[spring-beans-7.0.8.jar:7.0.8]
	at org.springframework.beans.factory.support.AbstractBeanFactory.lambda$doGetBean$0(AbstractBeanFactory.java:333) ~[spring-beans-7.0.8.jar:7.0.8]
	at org.springframework.beans.factory.support.DefaultSingletonBeanRegistry.getSingleton(DefaultSingletonBeanRegistry.java:371) ~[spring-beans-7.0.8.jar:7.0.8]
	at org.springframework.beans.factory.support.AbstractBeanFactory.doGetBean(AbstractBeanFactory.java:331) ~[spring-beans-7.0.8.jar:7.0.8]
	at org.springframework.beans.factory.support.AbstractBeanFactory.getBean(AbstractBeanFactory.java:201) ~[spring-beans-7.0.8.jar:7.0.8]
	at org.springframework.beans.factory.config.DependencyDescriptor.resolveCandidate(DependencyDescriptor.java:229) ~[spring-beans-7.0.8.jar:7.0.8]
	at org.springframework.beans.factory.support.DefaultListableBeanFactory.doResolveDependency(DefaultListableBeanFactory.java:1769) ~[spring-beans-7.0.8.jar:7.0.8]
	at org.springframework.beans.factory.support.DefaultListableBeanFactory.resolveDependency(DefaultListableBeanFactory.java:1658) ~[spring-beans-7.0.8.jar:7.0.8]
	at org.springframework.beans.factory.support.ConstructorResolver.resolveAutowiredArgument(ConstructorResolver.java:912) ~[spring-beans-7.0.8.jar:7.0.8]
	at org.springframework.beans.factory.support.ConstructorResolver.createArgumentArray(ConstructorResolver.java:791) ~[spring-beans-7.0.8.jar:7.0.8]
	... 21 common frames omitted
Caused by: org.springframework.beans.factory.BeanCreationException: Error creating bean with name 'userRepository' defined in com.tss.bookstore.repository.UserRepository defined in @EnableJpaRepositories declared on DataJpaRepositoriesRegistrar.EnableJpaRepositoriesConfiguration: No property 'trueWithProfile' found for type 'boolean'; Traversed path: User.isActive
	at org.springframework.beans.factory.support.AbstractAutowireCapableBeanFactory.initializeBean(AbstractAutowireCapableBeanFactory.java:1815) ~[spring-beans-7.0.8.jar:7.0.8]
	at org.springframework.beans.factory.support.AbstractAutowireCapableBeanFactory.doCreateBean(AbstractAutowireCapableBeanFactory.java:603) ~[spring-beans-7.0.8.jar:7.0.8]
	at org.springframework.beans.factory.support.AbstractAutowireCapableBeanFactory.createBean(AbstractAutowireCapableBeanFactory.java:525) ~[spring-beans-7.0.8.jar:7.0.8]
	at org.springframework.beans.factory.support.AbstractBeanFactory.lambda$doGetBean$0(AbstractBeanFactory.java:333) ~[spring-beans-7.0.8.jar:7.0.8]
	at org.springframework.beans.factory.support.DefaultSingletonBeanRegistry.getSingleton(DefaultSingletonBeanRegistry.java:371) ~[spring-beans-7.0.8.jar:7.0.8]
	at org.springframework.beans.factory.support.AbstractBeanFactory.doGetBean(AbstractBeanFactory.java:331) ~[spring-beans-7.0.8.jar:7.0.8]
	at org.springframework.beans.factory.support.AbstractBeanFactory.getBean(AbstractBeanFactory.java:201) ~[spring-beans-7.0.8.jar:7.0.8]
	at org.springframework.beans.factory.support.DefaultListableBeanFactory.resolveBean(DefaultListableBeanFactory.java:1232) ~[spring-beans-7.0.8.jar:7.0.8]
	at org.springframework.beans.factory.support.DefaultListableBeanFactory.doResolveDependency(DefaultListableBeanFactory.java:1711) ~[spring-beans-7.0.8.jar:7.0.8]
	at org.springframework.beans.factory.support.DefaultListableBeanFactory.resolveDependency(DefaultListableBeanFactory.java:1658) ~[spring-beans-7.0.8.jar:7.0.8]
	at org.springframework.beans.factory.support.ConstructorResolver.resolveAutowiredArgument(ConstructorResolver.java:912) ~[spring-beans-7.0.8.jar:7.0.8]
	at org.springframework.beans.factory.support.ConstructorResolver.createArgumentArray(ConstructorResolver.java:791) ~[spring-beans-7.0.8.jar:7.0.8]
	... 35 common frames omitted
Caused by: org.springframework.data.repository.query.QueryCreationException: Cannot create query for method [UserRepository.findByIsActiveTrueWithProfile(org.springframework.data.domain.Pageable)]; No property 'trueWithProfile' found for type 'boolean'; Traversed path: User.isActive
	at org.springframework.data.repository.query.QueryCreationException.create(QueryCreationException.java:109) ~[spring-data-commons-4.1.0.jar:4.1.0]
	at org.springframework.data.jpa.repository.query.PartTreeJpaQuery.<init>(PartTreeJpaQuery.java:114) ~[spring-data-jpa-4.1.0.jar:4.1.0]
	at org.springframework.data.jpa.repository.query.JpaQueryLookupStrategy$CreateQueryLookupStrategy.resolveQuery(JpaQueryLookupStrategy.java:118) ~[spring-data-jpa-4.1.0.jar:4.1.0]
	at org.springframework.data.jpa.repository.query.JpaQueryLookupStrategy$CreateIfNotFoundQueryLookupStrategy.resolveQuery(JpaQueryLookupStrategy.java:291) ~[spring-data-jpa-4.1.0.jar:4.1.0]
	at org.springframework.data.jpa.repository.query.JpaQueryLookupStrategy$AbstractQueryLookupStrategy.resolveQuery(JpaQueryLookupStrategy.java:93) ~[spring-data-jpa-4.1.0.jar:4.1.0]
	at org.springframework.data.repository.core.support.QueryExecutorMethodInterceptor.lookupQuery(QueryExecutorMethodInterceptor.java:114) ~[spring-data-commons-4.1.0.jar:4.1.0]
	at org.springframework.data.repository.core.support.QueryExecutorMethodInterceptor.mapMethodsToQuery(QueryExecutorMethodInterceptor.java:102) ~[spring-data-commons-4.1.0.jar:4.1.0]
	at org.springframework.data.repository.core.support.QueryExecutorMethodInterceptor.<init>(QueryExecutorMethodInterceptor.java:90) ~[spring-data-commons-4.1.0.jar:4.1.0]
	at org.springframework.data.repository.core.support.RepositoryFactorySupport.getRepository(RepositoryFactorySupport.java:413) ~[spring-data-commons-4.1.0.jar:4.1.0]
	at org.springframework.data.repository.core.support.RepositoryFactoryBeanSupport.lambda$afterPropertiesSet$1(RepositoryFactoryBeanSupport.java:361) ~[spring-data-commons-4.1.0.jar:4.1.0]
	at org.springframework.data.util.Lazy.getNullable(Lazy.java:136) ~[spring-data-commons-4.1.0.jar:4.1.0]
	at org.springframework.data.util.Lazy.get(Lazy.java:114) ~[spring-data-commons-4.1.0.jar:4.1.0]
	at org.springframework.data.repository.core.support.RepositoryFactoryBeanSupport.afterPropertiesSet(RepositoryFactoryBeanSupport.java:370) ~[spring-data-commons-4.1.0.jar:4.1.0]
	at org.springframework.data.jpa.repository.support.JpaRepositoryFactoryBean.afterPropertiesSet(JpaRepositoryFactoryBean.java:212) ~[spring-data-jpa-4.1.0.jar:4.1.0]
	at org.springframework.beans.factory.support.AbstractAutowireCapableBeanFactory.invokeInitMethods(AbstractAutowireCapableBeanFactory.java:1862) ~[spring-beans-7.0.8.jar:7.0.8]
	at org.springframework.beans.factory.support.AbstractAutowireCapableBeanFactory.initializeBean(AbstractAutowireCapableBeanFactory.java:1811) ~[spring-beans-7.0.8.jar:7.0.8]
	... 46 common frames omitted
Caused by: org.springframework.data.core.PropertyReferenceException: No property 'trueWithProfile' found for type 'boolean'; Traversed path: User.isActive
	at org.springframework.data.core.SimplePropertyPath.<init>(SimplePropertyPath.java:94) ~[spring-data-commons-4.1.0.jar:4.1.0]
	at org.springframework.data.core.SimplePropertyPath.create(SimplePropertyPath.java:322) ~[spring-data-commons-4.1.0.jar:4.1.0]
	at org.springframework.data.core.SimplePropertyPath.create(SimplePropertyPath.java:297) ~[spring-data-commons-4.1.0.jar:4.1.0]
	at org.springframework.data.core.SimplePropertyPath.create(SimplePropertyPath.java:332) ~[spring-data-commons-4.1.0.jar:4.1.0]
	at org.springframework.data.core.SimplePropertyPath.create(SimplePropertyPath.java:355) ~[spring-data-commons-4.1.0.jar:4.1.0]
	at org.springframework.data.core.SimplePropertyPath.create(SimplePropertyPath.java:355) ~[spring-data-commons-4.1.0.jar:4.1.0]
	at org.springframework.data.core.SimplePropertyPath.create(SimplePropertyPath.java:355) ~[spring-data-commons-4.1.0.jar:4.1.0]
	at org.springframework.data.core.SimplePropertyPath.create(SimplePropertyPath.java:297) ~[spring-data-commons-4.1.0.jar:4.1.0]
	at org.springframework.data.core.SimplePropertyPath.lambda$from$0(SimplePropertyPath.java:250) ~[spring-data-commons-4.1.0.jar:4.1.0]
	at org.springframework.util.ConcurrentReferenceHashMap$6.execute(ConcurrentReferenceHashMap.java:387) ~[spring-core-7.0.8.jar:7.0.8]
	at org.springframework.util.ConcurrentReferenceHashMap$Segment.doTask(ConcurrentReferenceHashMap.java:688) ~[spring-core-7.0.8.jar:7.0.8]
	at org.springframework.util.ConcurrentReferenceHashMap.doTask(ConcurrentReferenceHashMap.java:572) ~[spring-core-7.0.8.jar:7.0.8]
	at org.springframework.util.ConcurrentReferenceHashMap.computeIfAbsent(ConcurrentReferenceHashMap.java:381) ~[spring-core-7.0.8.jar:7.0.8]
	at org.springframework.data.core.SimplePropertyPath.from(SimplePropertyPath.java:228) ~[spring-data-commons-4.1.0.jar:4.1.0]
	at org.springframework.data.core.PropertyPath.from(PropertyPath.java:264) ~[spring-data-commons-4.1.0.jar:4.1.0]
	at org.springframework.data.core.PropertyPath.from(PropertyPath.java:247) ~[spring-data-commons-4.1.0.jar:4.1.0]
	at org.springframework.data.repository.query.parser.Part.<init>(Part.java:81) ~[spring-data-commons-4.1.0.jar:4.1.0]
	at org.springframework.data.repository.query.parser.PartTree$OrPart.lambda$new$0(PartTree.java:260) ~[spring-data-commons-4.1.0.jar:4.1.0]
	at java.base/java.util.stream.ReferencePipeline$3$1.accept(ReferencePipeline.java:197) ~[na:na]
	at java.base/java.util.stream.ReferencePipeline$2$1.accept(ReferencePipeline.java:179) ~[na:na]
	at java.base/java.util.Spliterators$ArraySpliterator.forEachRemaining(Spliterators.java:992) ~[na:na]
	at java.base/java.util.stream.AbstractPipeline.copyInto(AbstractPipeline.java:509) ~[na:na]
	at java.base/java.util.stream.AbstractPipeline.wrapAndCopyInto(AbstractPipeline.java:499) ~[na:na]
	at java.base/java.util.stream.ReduceOps$ReduceOp.evaluateSequential(ReduceOps.java:921) ~[na:na]
	at java.base/java.util.stream.AbstractPipeline.evaluate(AbstractPipeline.java:234) ~[na:na]
	at java.base/java.util.stream.ReferencePipeline.collect(ReferencePipeline.java:682) ~[na:na]
	at org.springframework.data.repository.query.parser.PartTree$OrPart.<init>(PartTree.java:261) ~[spring-data-commons-4.1.0.jar:4.1.0]
	at org.springframework.data.repository.query.parser.PartTree$Predicate.lambda$new$0(PartTree.java:390) ~[spring-data-commons-4.1.0.jar:4.1.0]
	at java.base/java.util.stream.ReferencePipeline$3$1.accept(ReferencePipeline.java:197) ~[na:na]
	at java.base/java.util.stream.ReferencePipeline$2$1.accept(ReferencePipeline.java:179) ~[na:na]
	at java.base/java.util.Spliterators$ArraySpliterator.forEachRemaining(Spliterators.java:992) ~[na:na]
	at java.base/java.util.stream.AbstractPipeline.copyInto(AbstractPipeline.java:509) ~[na:na]
	at java.base/java.util.stream.AbstractPipeline.wrapAndCopyInto(AbstractPipeline.java:499) ~[na:na]
	at java.base/java.util.stream.ReduceOps$ReduceOp.evaluateSequential(ReduceOps.java:921) ~[na:na]
	at java.base/java.util.stream.AbstractPipeline.evaluate(AbstractPipeline.java:234) ~[na:na]
	at java.base/java.util.stream.ReferencePipeline.collect(ReferencePipeline.java:682) ~[na:na]
	at org.springframework.data.repository.query.parser.PartTree$Predicate.<init>(PartTree.java:391) ~[spring-data-commons-4.1.0.jar:4.1.0]
	at org.springframework.data.repository.query.parser.PartTree.<init>(PartTree.java:104) ~[spring-data-commons-4.1.0.jar:4.1.0]
	at org.springframework.data.jpa.repository.query.PartTreeJpaQuery.<init>(PartTreeJpaQuery.java:108) ~[spring-data-jpa-4.1.0.jar:4.1.0]
	... 60 common frames omitted

2026-08-04T18:40:11.815+05:30  INFO 16348 --- [bookstore] [main] com.tss.bookstore.BookstoreApplication   : Starting BookstoreApplication using Java 18.0.2.1 with PID 16348 (C:\prince\assignment1\bookstore\target\classes started by Prince.Kakadiya in C:\prince\assignment1\bookstore)
2026-08-04T18:40:11.822+05:30 DEBUG 16348 --- [bookstore] [main] com.tss.bookstore.BookstoreApplication   : Running with Spring Boot v4.1.0, Spring v7.0.8
2026-08-04T18:40:11.823+05:30  INFO 16348 --- [bookstore] [main] com.tss.bookstore.BookstoreApplication   : No active profile set, falling back to 1 default profile: "default"
2026-08-04T18:40:12.626+05:30  INFO 16348 --- [bookstore] [main] .s.d.r.c.RepositoryConfigurationDelegate : Bootstrapping Spring Data JPA repositories in DEFAULT mode.
2026-08-04T18:40:12.704+05:30  INFO 16348 --- [bookstore] [main] .s.d.r.c.RepositoryConfigurationDelegate : Finished Spring Data repository scanning in 69 ms. Found 9 JPA repository interfaces.
2026-08-04T18:40:13.143+05:30  INFO 16348 --- [bookstore] [main] o.s.boot.tomcat.TomcatWebServer          : Tomcat initialized with port 8080 (http)
2026-08-04T18:40:13.156+05:30  INFO 16348 --- [bookstore] [main] o.apache.catalina.core.StandardService   : Starting service [Tomcat]
2026-08-04T18:40:13.157+05:30  INFO 16348 --- [bookstore] [main] o.apache.catalina.core.StandardEngine    : Starting Servlet engine: [Apache Tomcat/11.0.22]
2026-08-04T18:40:13.288+05:30  INFO 16348 --- [bookstore] [main] b.w.c.s.WebApplicationContextInitializer : Root WebApplicationContext: initialization completed in 1404 ms
2026-08-04T18:40:13.470+05:30  INFO 16348 --- [bookstore] [main] org.hibernate.orm.jpa                    : HHH008540: Processing PersistenceUnitInfo [name: default]
2026-08-04T18:40:13.530+05:30  INFO 16348 --- [bookstore] [main] org.hibernate.orm.core                   : HHH000001: Hibernate ORM core version 7.4.1.Final
2026-08-04T18:40:14.006+05:30  INFO 16348 --- [bookstore] [main] o.s.o.j.p.SpringPersistenceUnitInfo      : No LoadTimeWeaver setup: ignoring JPA class transformer
2026-08-04T18:40:14.040+05:30  INFO 16348 --- [bookstore] [main] com.zaxxer.hikari.HikariDataSource       : HikariPool-1 - Starting...
2026-08-04T18:40:14.257+05:30  INFO 16348 --- [bookstore] [main] com.zaxxer.hikari.pool.HikariPool        : HikariPool-1 - Added connection org.postgresql.jdbc.PgConnection@48d5ca17
2026-08-04T18:40:14.259+05:30  INFO 16348 --- [bookstore] [main] com.zaxxer.hikari.HikariDataSource       : HikariPool-1 - Start completed.
2026-08-04T18:40:14.335+05:30  INFO 16348 --- [bookstore] [main] org.hibernate.orm.connections.pooling    : HHH10001005: Database info:
	Database JDBC URL [jdbc:postgresql://localhost:5432/bookstore_db]
	Database driver: PostgreSQL JDBC Driver
	Database dialect: PostgreSQLDialect
	Database version: 18.4
	Default catalog/schema: bookstore_db/public
	Autocommit mode: undefined/unknown
	Isolation level: READ_COMMITTED [default READ_COMMITTED]
	JDBC fetch size: none
	Pool: DataSourceConnectionProvider
	Minimum pool size: undefined/unknown
	Maximum pool size: undefined/unknown
2026-08-04T18:40:16.345+05:30  INFO 16348 --- [bookstore] [main] org.hibernate.orm.core                   : HHH000489: No JTA platform available (set 'hibernate.transaction.jta.platform' to enable JTA platform integration)
2026-08-04T18:40:16.447+05:30  INFO 16348 --- [bookstore] [main] j.LocalContainerEntityManagerFactoryBean : Initialized JPA EntityManagerFactory for persistence unit 'default'
2026-08-04T18:40:16.515+05:30  INFO 16348 --- [bookstore] [main] o.s.d.j.r.query.QueryEnhancerFactories   : Hibernate is in classpath; If applicable, HQL parser will be used.
2026-08-04T18:40:17.716+05:30  WARN 16348 --- [bookstore] [main] ConfigServletWebServerApplicationContext : Exception encountered during context initialization - cancelling refresh attempt: org.springframework.beans.factory.UnsatisfiedDependencyException: Error creating bean with name 'orderController' defined in file [C:\prince\assignment1\bookstore\target\classes\com\tss\bookstore\controller\OrderController.class]: Unsatisfied dependency expressed through constructor parameter 0: Error creating bean with name 'orderServiceImpl' defined in file [C:\prince\assignment1\bookstore\target\classes\com\tss\bookstore\service\OrderServiceImpl.class]: Unsatisfied dependency expressed through constructor parameter 1: Error creating bean with name 'userRepository' defined in com.tss.bookstore.repository.UserRepository defined in @EnableJpaRepositories declared on DataJpaRepositoriesRegistrar.EnableJpaRepositoriesConfiguration: No property 'withProfile' found for type 'boolean'; Traversed path: User.isActive
2026-08-04T18:40:17.716+05:30  INFO 16348 --- [bookstore] [main] j.LocalContainerEntityManagerFactoryBean : Closing JPA EntityManagerFactory for persistence unit 'default'
2026-08-04T18:40:17.719+05:30  INFO 16348 --- [bookstore] [main] com.zaxxer.hikari.HikariDataSource       : HikariPool-1 - Shutdown initiated...
2026-08-04T18:40:17.726+05:30  INFO 16348 --- [bookstore] [main] com.zaxxer.hikari.HikariDataSource       : HikariPool-1 - Shutdown completed.
2026-08-04T18:40:17.735+05:30  INFO 16348 --- [bookstore] [main] o.apache.catalina.core.StandardService   : Stopping service [Tomcat]
2026-08-04T18:40:17.758+05:30  INFO 16348 --- [bookstore] [main] .s.b.a.l.ConditionEvaluationReportLogger : 

Error starting ApplicationContext. To display the condition evaluation report re-run your application with 'debug' enabled.
2026-08-04T18:40:17.781+05:30 ERROR 16348 --- [bookstore] [main] o.s.boot.SpringApplication               : Application run failed

org.springframework.beans.factory.UnsatisfiedDependencyException: Error creating bean with name 'orderController' defined in file [C:\prince\assignment1\bookstore\target\classes\com\tss\bookstore\controller\OrderController.class]: Unsatisfied dependency expressed through constructor parameter 0: Error creating bean with name 'orderServiceImpl' defined in file [C:\prince\assignment1\bookstore\target\classes\com\tss\bookstore\service\OrderServiceImpl.class]: Unsatisfied dependency expressed through constructor parameter 1: Error creating bean with name 'userRepository' defined in com.tss.bookstore.repository.UserRepository defined in @EnableJpaRepositories declared on DataJpaRepositoriesRegistrar.EnableJpaRepositoriesConfiguration: No property 'withProfile' found for type 'boolean'; Traversed path: User.isActive
	at org.springframework.beans.factory.support.ConstructorResolver.createArgumentArray(ConstructorResolver.java:804) ~[spring-beans-7.0.8.jar:7.0.8]
	at org.springframework.beans.factory.support.ConstructorResolver.autowireConstructor(ConstructorResolver.java:240) ~[spring-beans-7.0.8.jar:7.0.8]
	at org.springframework.beans.factory.support.AbstractAutowireCapableBeanFactory.autowireConstructor(AbstractAutowireCapableBeanFactory.java:1380) ~[spring-beans-7.0.8.jar:7.0.8]
	at org.springframework.beans.factory.support.AbstractAutowireCapableBeanFactory.createBeanInstance(AbstractAutowireCapableBeanFactory.java:1219) ~[spring-beans-7.0.8.jar:7.0.8]
	at org.springframework.beans.factory.support.AbstractAutowireCapableBeanFactory.doCreateBean(AbstractAutowireCapableBeanFactory.java:565) ~[spring-beans-7.0.8.jar:7.0.8]
	at org.springframework.beans.factory.support.AbstractAutowireCapableBeanFactory.createBean(AbstractAutowireCapableBeanFactory.java:525) ~[spring-beans-7.0.8.jar:7.0.8]
	at org.springframework.beans.factory.support.AbstractBeanFactory.lambda$doGetBean$0(AbstractBeanFactory.java:333) ~[spring-beans-7.0.8.jar:7.0.8]
	at org.springframework.beans.factory.support.DefaultSingletonBeanRegistry.getSingleton(DefaultSingletonBeanRegistry.java:371) ~[spring-beans-7.0.8.jar:7.0.8]
	at org.springframework.beans.factory.support.AbstractBeanFactory.doGetBean(AbstractBeanFactory.java:331) ~[spring-beans-7.0.8.jar:7.0.8]
	at org.springframework.beans.factory.support.AbstractBeanFactory.getBean(AbstractBeanFactory.java:196) ~[spring-beans-7.0.8.jar:7.0.8]
	at org.springframework.beans.factory.support.DefaultListableBeanFactory.instantiateSingleton(DefaultListableBeanFactory.java:1225) ~[spring-beans-7.0.8.jar:7.0.8]
	at org.springframework.beans.factory.support.DefaultListableBeanFactory.preInstantiateSingleton(DefaultListableBeanFactory.java:1191) ~[spring-beans-7.0.8.jar:7.0.8]
	at org.springframework.beans.factory.support.DefaultListableBeanFactory.preInstantiateSingletons(DefaultListableBeanFactory.java:1121) ~[spring-beans-7.0.8.jar:7.0.8]
	at org.springframework.context.support.AbstractApplicationContext.finishBeanFactoryInitialization(AbstractApplicationContext.java:994) ~[spring-context-7.0.8.jar:7.0.8]
	at org.springframework.context.support.AbstractApplicationContext.refresh(AbstractApplicationContext.java:621) ~[spring-context-7.0.8.jar:7.0.8]
	at org.springframework.boot.web.server.servlet.context.ServletWebServerApplicationContext.refresh(ServletWebServerApplicationContext.java:143) ~[spring-boot-web-server-4.1.0.jar:4.1.0]
	at org.springframework.boot.SpringApplication.refresh(SpringApplication.java:756) ~[spring-boot-4.1.0.jar:4.1.0]
	at org.springframework.boot.SpringApplication.refreshContext(SpringApplication.java:445) ~[spring-boot-4.1.0.jar:4.1.0]
	at org.springframework.boot.SpringApplication.run(SpringApplication.java:321) ~[spring-boot-4.1.0.jar:4.1.0]
	at org.springframework.boot.SpringApplication.run(SpringApplication.java:1365) ~[spring-boot-4.1.0.jar:4.1.0]
	at org.springframework.boot.SpringApplication.run(SpringApplication.java:1354) ~[spring-boot-4.1.0.jar:4.1.0]
	at com.tss.bookstore.BookstoreApplication.main(BookstoreApplication.java:10) ~[classes/:na]
Caused by: org.springframework.beans.factory.UnsatisfiedDependencyException: Error creating bean with name 'orderServiceImpl' defined in file [C:\prince\assignment1\bookstore\target\classes\com\tss\bookstore\service\OrderServiceImpl.class]: Unsatisfied dependency expressed through constructor parameter 1: Error creating bean with name 'userRepository' defined in com.tss.bookstore.repository.UserRepository defined in @EnableJpaRepositories declared on DataJpaRepositoriesRegistrar.EnableJpaRepositoriesConfiguration: No property 'withProfile' found for type 'boolean'; Traversed path: User.isActive
	at org.springframework.beans.factory.support.ConstructorResolver.createArgumentArray(ConstructorResolver.java:804) ~[spring-beans-7.0.8.jar:7.0.8]
	at org.springframework.beans.factory.support.ConstructorResolver.autowireConstructor(ConstructorResolver.java:240) ~[spring-beans-7.0.8.jar:7.0.8]
	at org.springframework.beans.factory.support.AbstractAutowireCapableBeanFactory.autowireConstructor(AbstractAutowireCapableBeanFactory.java:1380) ~[spring-beans-7.0.8.jar:7.0.8]
	at org.springframework.beans.factory.support.AbstractAutowireCapableBeanFactory.createBeanInstance(AbstractAutowireCapableBeanFactory.java:1219) ~[spring-beans-7.0.8.jar:7.0.8]
	at org.springframework.beans.factory.support.AbstractAutowireCapableBeanFactory.doCreateBean(AbstractAutowireCapableBeanFactory.java:565) ~[spring-beans-7.0.8.jar:7.0.8]
	at org.springframework.beans.factory.support.AbstractAutowireCapableBeanFactory.createBean(AbstractAutowireCapableBeanFactory.java:525) ~[spring-beans-7.0.8.jar:7.0.8]
	at org.springframework.beans.factory.support.AbstractBeanFactory.lambda$doGetBean$0(AbstractBeanFactory.java:333) ~[spring-beans-7.0.8.jar:7.0.8]
	at org.springframework.beans.factory.support.DefaultSingletonBeanRegistry.getSingleton(DefaultSingletonBeanRegistry.java:371) ~[spring-beans-7.0.8.jar:7.0.8]
	at org.springframework.beans.factory.support.AbstractBeanFactory.doGetBean(AbstractBeanFactory.java:331) ~[spring-beans-7.0.8.jar:7.0.8]
	at org.springframework.beans.factory.support.AbstractBeanFactory.getBean(AbstractBeanFactory.java:201) ~[spring-beans-7.0.8.jar:7.0.8]
	at org.springframework.beans.factory.config.DependencyDescriptor.resolveCandidate(DependencyDescriptor.java:229) ~[spring-beans-7.0.8.jar:7.0.8]
	at org.springframework.beans.factory.support.DefaultListableBeanFactory.doResolveDependency(DefaultListableBeanFactory.java:1769) ~[spring-beans-7.0.8.jar:7.0.8]
	at org.springframework.beans.factory.support.DefaultListableBeanFactory.resolveDependency(DefaultListableBeanFactory.java:1658) ~[spring-beans-7.0.8.jar:7.0.8]
	at org.springframework.beans.factory.support.ConstructorResolver.resolveAutowiredArgument(ConstructorResolver.java:912) ~[spring-beans-7.0.8.jar:7.0.8]
	at org.springframework.beans.factory.support.ConstructorResolver.createArgumentArray(ConstructorResolver.java:791) ~[spring-beans-7.0.8.jar:7.0.8]
	... 21 common frames omitted
Caused by: org.springframework.beans.factory.BeanCreationException: Error creating bean with name 'userRepository' defined in com.tss.bookstore.repository.UserRepository defined in @EnableJpaRepositories declared on DataJpaRepositoriesRegistrar.EnableJpaRepositoriesConfiguration: No property 'withProfile' found for type 'boolean'; Traversed path: User.isActive
	at org.springframework.beans.factory.support.AbstractAutowireCapableBeanFactory.initializeBean(AbstractAutowireCapableBeanFactory.java:1815) ~[spring-beans-7.0.8.jar:7.0.8]
	at org.springframework.beans.factory.support.AbstractAutowireCapableBeanFactory.doCreateBean(AbstractAutowireCapableBeanFactory.java:603) ~[spring-beans-7.0.8.jar:7.0.8]
	at org.springframework.beans.factory.support.AbstractAutowireCapableBeanFactory.createBean(AbstractAutowireCapableBeanFactory.java:525) ~[spring-beans-7.0.8.jar:7.0.8]
	at org.springframework.beans.factory.support.AbstractBeanFactory.lambda$doGetBean$0(AbstractBeanFactory.java:333) ~[spring-beans-7.0.8.jar:7.0.8]
	at org.springframework.beans.factory.support.DefaultSingletonBeanRegistry.getSingleton(DefaultSingletonBeanRegistry.java:371) ~[spring-beans-7.0.8.jar:7.0.8]
	at org.springframework.beans.factory.support.AbstractBeanFactory.doGetBean(AbstractBeanFactory.java:331) ~[spring-beans-7.0.8.jar:7.0.8]
	at org.springframework.beans.factory.support.AbstractBeanFactory.getBean(AbstractBeanFactory.java:201) ~[spring-beans-7.0.8.jar:7.0.8]
	at org.springframework.beans.factory.support.DefaultListableBeanFactory.resolveBean(DefaultListableBeanFactory.java:1232) ~[spring-beans-7.0.8.jar:7.0.8]
	at org.springframework.beans.factory.support.DefaultListableBeanFactory.doResolveDependency(DefaultListableBeanFactory.java:1711) ~[spring-beans-7.0.8.jar:7.0.8]
	at org.springframework.beans.factory.support.DefaultListableBeanFactory.resolveDependency(DefaultListableBeanFactory.java:1658) ~[spring-beans-7.0.8.jar:7.0.8]
	at org.springframework.beans.factory.support.ConstructorResolver.resolveAutowiredArgument(ConstructorResolver.java:912) ~[spring-beans-7.0.8.jar:7.0.8]
	at org.springframework.beans.factory.support.ConstructorResolver.createArgumentArray(ConstructorResolver.java:791) ~[spring-beans-7.0.8.jar:7.0.8]
	... 35 common frames omitted
Caused by: org.springframework.data.repository.query.QueryCreationException: Cannot create query for method [UserRepository.findByIsActiveWithProfile(org.springframework.data.domain.Pageable)]; No property 'withProfile' found for type 'boolean'; Traversed path: User.isActive
	at org.springframework.data.repository.query.QueryCreationException.create(QueryCreationException.java:109) ~[spring-data-commons-4.1.0.jar:4.1.0]
	at org.springframework.data.jpa.repository.query.PartTreeJpaQuery.<init>(PartTreeJpaQuery.java:114) ~[spring-data-jpa-4.1.0.jar:4.1.0]
	at org.springframework.data.jpa.repository.query.JpaQueryLookupStrategy$CreateQueryLookupStrategy.resolveQuery(JpaQueryLookupStrategy.java:118) ~[spring-data-jpa-4.1.0.jar:4.1.0]
	at org.springframework.data.jpa.repository.query.JpaQueryLookupStrategy$CreateIfNotFoundQueryLookupStrategy.resolveQuery(JpaQueryLookupStrategy.java:291) ~[spring-data-jpa-4.1.0.jar:4.1.0]
	at org.springframework.data.jpa.repository.query.JpaQueryLookupStrategy$AbstractQueryLookupStrategy.resolveQuery(JpaQueryLookupStrategy.java:93) ~[spring-data-jpa-4.1.0.jar:4.1.0]
	at org.springframework.data.repository.core.support.QueryExecutorMethodInterceptor.lookupQuery(QueryExecutorMethodInterceptor.java:114) ~[spring-data-commons-4.1.0.jar:4.1.0]
	at org.springframework.data.repository.core.support.QueryExecutorMethodInterceptor.mapMethodsToQuery(QueryExecutorMethodInterceptor.java:102) ~[spring-data-commons-4.1.0.jar:4.1.0]
	at org.springframework.data.repository.core.support.QueryExecutorMethodInterceptor.<init>(QueryExecutorMethodInterceptor.java:90) ~[spring-data-commons-4.1.0.jar:4.1.0]
	at org.springframework.data.repository.core.support.RepositoryFactorySupport.getRepository(RepositoryFactorySupport.java:413) ~[spring-data-commons-4.1.0.jar:4.1.0]
	at org.springframework.data.repository.core.support.RepositoryFactoryBeanSupport.lambda$afterPropertiesSet$1(RepositoryFactoryBeanSupport.java:361) ~[spring-data-commons-4.1.0.jar:4.1.0]
	at org.springframework.data.util.Lazy.getNullable(Lazy.java:136) ~[spring-data-commons-4.1.0.jar:4.1.0]
	at org.springframework.data.util.Lazy.get(Lazy.java:114) ~[spring-data-commons-4.1.0.jar:4.1.0]
	at org.springframework.data.repository.core.support.RepositoryFactoryBeanSupport.afterPropertiesSet(RepositoryFactoryBeanSupport.java:370) ~[spring-data-commons-4.1.0.jar:4.1.0]
	at org.springframework.data.jpa.repository.support.JpaRepositoryFactoryBean.afterPropertiesSet(JpaRepositoryFactoryBean.java:212) ~[spring-data-jpa-4.1.0.jar:4.1.0]
	at org.springframework.beans.factory.support.AbstractAutowireCapableBeanFactory.invokeInitMethods(AbstractAutowireCapableBeanFactory.java:1862) ~[spring-beans-7.0.8.jar:7.0.8]
	at org.springframework.beans.factory.support.AbstractAutowireCapableBeanFactory.initializeBean(AbstractAutowireCapableBeanFactory.java:1811) ~[spring-beans-7.0.8.jar:7.0.8]
	... 46 common frames omitted
Caused by: org.springframework.data.core.PropertyReferenceException: No property 'withProfile' found for type 'boolean'; Traversed path: User.isActive
	at org.springframework.data.core.SimplePropertyPath.<init>(SimplePropertyPath.java:94) ~[spring-data-commons-4.1.0.jar:4.1.0]
	at org.springframework.data.core.SimplePropertyPath.create(SimplePropertyPath.java:322) ~[spring-data-commons-4.1.0.jar:4.1.0]
	at org.springframework.data.core.SimplePropertyPath.create(SimplePropertyPath.java:297) ~[spring-data-commons-4.1.0.jar:4.1.0]
	at org.springframework.data.core.SimplePropertyPath.create(SimplePropertyPath.java:332) ~[spring-data-commons-4.1.0.jar:4.1.0]
	at org.springframework.data.core.SimplePropertyPath.create(SimplePropertyPath.java:355) ~[spring-data-commons-4.1.0.jar:4.1.0]
	at org.springframework.data.core.SimplePropertyPath.create(SimplePropertyPath.java:355) ~[spring-data-commons-4.1.0.jar:4.1.0]
	at org.springframework.data.core.SimplePropertyPath.create(SimplePropertyPath.java:297) ~[spring-data-commons-4.1.0.jar:4.1.0]
	at org.springframework.data.core.SimplePropertyPath.lambda$from$0(SimplePropertyPath.java:250) ~[spring-data-commons-4.1.0.jar:4.1.0]
	at org.springframework.util.ConcurrentReferenceHashMap$6.execute(ConcurrentReferenceHashMap.java:387) ~[spring-core-7.0.8.jar:7.0.8]
	at org.springframework.util.ConcurrentReferenceHashMap$Segment.doTask(ConcurrentReferenceHashMap.java:688) ~[spring-core-7.0.8.jar:7.0.8]
	at org.springframework.util.ConcurrentReferenceHashMap.doTask(ConcurrentReferenceHashMap.java:572) ~[spring-core-7.0.8.jar:7.0.8]
	at org.springframework.util.ConcurrentReferenceHashMap.computeIfAbsent(ConcurrentReferenceHashMap.java:381) ~[spring-core-7.0.8.jar:7.0.8]
	at org.springframework.data.core.SimplePropertyPath.from(SimplePropertyPath.java:228) ~[spring-data-commons-4.1.0.jar:4.1.0]
	at org.springframework.data.core.PropertyPath.from(PropertyPath.java:264) ~[spring-data-commons-4.1.0.jar:4.1.0]
	at org.springframework.data.core.PropertyPath.from(PropertyPath.java:247) ~[spring-data-commons-4.1.0.jar:4.1.0]
	at org.springframework.data.repository.query.parser.Part.<init>(Part.java:81) ~[spring-data-commons-4.1.0.jar:4.1.0]
	at org.springframework.data.repository.query.parser.PartTree$OrPart.lambda$new$0(PartTree.java:260) ~[spring-data-commons-4.1.0.jar:4.1.0]
	at java.base/java.util.stream.ReferencePipeline$3$1.accept(ReferencePipeline.java:197) ~[na:na]
	at java.base/java.util.stream.ReferencePipeline$2$1.accept(ReferencePipeline.java:179) ~[na:na]
	at java.base/java.util.Spliterators$ArraySpliterator.forEachRemaining(Spliterators.java:992) ~[na:na]
	at java.base/java.util.stream.AbstractPipeline.copyInto(AbstractPipeline.java:509) ~[na:na]
	at java.base/java.util.stream.AbstractPipeline.wrapAndCopyInto(AbstractPipeline.java:499) ~[na:na]
	at java.base/java.util.stream.ReduceOps$ReduceOp.evaluateSequential(ReduceOps.java:921) ~[na:na]
	at java.base/java.util.stream.AbstractPipeline.evaluate(AbstractPipeline.java:234) ~[na:na]
	at java.base/java.util.stream.ReferencePipeline.collect(ReferencePipeline.java:682) ~[na:na]
	at org.springframework.data.repository.query.parser.PartTree$OrPart.<init>(PartTree.java:261) ~[spring-data-commons-4.1.0.jar:4.1.0]
	at org.springframework.data.repository.query.parser.PartTree$Predicate.lambda$new$0(PartTree.java:390) ~[spring-data-commons-4.1.0.jar:4.1.0]
	at java.base/java.util.stream.ReferencePipeline$3$1.accept(ReferencePipeline.java:197) ~[na:na]
	at java.base/java.util.stream.ReferencePipeline$2$1.accept(ReferencePipeline.java:179) ~[na:na]
	at java.base/java.util.Spliterators$ArraySpliterator.forEachRemaining(Spliterators.java:992) ~[na:na]
	at java.base/java.util.stream.AbstractPipeline.copyInto(AbstractPipeline.java:509) ~[na:na]
	at java.base/java.util.stream.AbstractPipeline.wrapAndCopyInto(AbstractPipeline.java:499) ~[na:na]
	at java.base/java.util.stream.ReduceOps$ReduceOp.evaluateSequential(ReduceOps.java:921) ~[na:na]
	at java.base/java.util.stream.AbstractPipeline.evaluate(AbstractPipeline.java:234) ~[na:na]
	at java.base/java.util.stream.ReferencePipeline.collect(ReferencePipeline.java:682) ~[na:na]
	at org.springframework.data.repository.query.parser.PartTree$Predicate.<init>(PartTree.java:391) ~[spring-data-commons-4.1.0.jar:4.1.0]
	at org.springframework.data.repository.query.parser.PartTree.<init>(PartTree.java:104) ~[spring-data-commons-4.1.0.jar:4.1.0]
	at org.springframework.data.jpa.repository.query.PartTreeJpaQuery.<init>(PartTreeJpaQuery.java:108) ~[spring-data-jpa-4.1.0.jar:4.1.0]
	... 60 common frames omitted

2026-08-04T18:42:08.241+05:30  INFO 18716 --- [bookstore] [main] com.tss.bookstore.BookstoreApplication   : Starting BookstoreApplication using Java 18.0.2.1 with PID 18716 (C:\prince\assignment1\bookstore\target\classes started by Prince.Kakadiya in C:\prince\assignment1\bookstore)
2026-08-04T18:42:08.245+05:30 DEBUG 18716 --- [bookstore] [main] com.tss.bookstore.BookstoreApplication   : Running with Spring Boot v4.1.0, Spring v7.0.8
2026-08-04T18:42:08.247+05:30  INFO 18716 --- [bookstore] [main] com.tss.bookstore.BookstoreApplication   : No active profile set, falling back to 1 default profile: "default"
2026-08-04T18:42:09.046+05:30  INFO 18716 --- [bookstore] [main] .s.d.r.c.RepositoryConfigurationDelegate : Bootstrapping Spring Data JPA repositories in DEFAULT mode.
2026-08-04T18:42:09.123+05:30  INFO 18716 --- [bookstore] [main] .s.d.r.c.RepositoryConfigurationDelegate : Finished Spring Data repository scanning in 68 ms. Found 9 JPA repository interfaces.
2026-08-04T18:42:09.771+05:30  INFO 18716 --- [bookstore] [main] o.s.boot.tomcat.TomcatWebServer          : Tomcat initialized with port 8080 (http)
2026-08-04T18:42:09.784+05:30  INFO 18716 --- [bookstore] [main] o.apache.catalina.core.StandardService   : Starting service [Tomcat]
2026-08-04T18:42:09.785+05:30  INFO 18716 --- [bookstore] [main] o.apache.catalina.core.StandardEngine    : Starting Servlet engine: [Apache Tomcat/11.0.22]
2026-08-04T18:42:09.867+05:30  INFO 18716 --- [bookstore] [main] b.w.c.s.WebApplicationContextInitializer : Root WebApplicationContext: initialization completed in 1562 ms
2026-08-04T18:42:10.010+05:30  INFO 18716 --- [bookstore] [main] org.hibernate.orm.jpa                    : HHH008540: Processing PersistenceUnitInfo [name: default]
2026-08-04T18:42:10.065+05:30  INFO 18716 --- [bookstore] [main] org.hibernate.orm.core                   : HHH000001: Hibernate ORM core version 7.4.1.Final
2026-08-04T18:42:10.483+05:30  INFO 18716 --- [bookstore] [main] o.s.o.j.p.SpringPersistenceUnitInfo      : No LoadTimeWeaver setup: ignoring JPA class transformer
2026-08-04T18:42:10.514+05:30  INFO 18716 --- [bookstore] [main] com.zaxxer.hikari.HikariDataSource       : HikariPool-1 - Starting...
2026-08-04T18:42:10.705+05:30  INFO 18716 --- [bookstore] [main] com.zaxxer.hikari.pool.HikariPool        : HikariPool-1 - Added connection org.postgresql.jdbc.PgConnection@4ec8d9b2
2026-08-04T18:42:10.708+05:30  INFO 18716 --- [bookstore] [main] com.zaxxer.hikari.HikariDataSource       : HikariPool-1 - Start completed.
2026-08-04T18:42:10.774+05:30  INFO 18716 --- [bookstore] [main] org.hibernate.orm.connections.pooling    : HHH10001005: Database info:
	Database JDBC URL [jdbc:postgresql://localhost:5432/bookstore_db]
	Database driver: PostgreSQL JDBC Driver
	Database dialect: PostgreSQLDialect
	Database version: 18.4
	Default catalog/schema: bookstore_db/public
	Autocommit mode: undefined/unknown
	Isolation level: READ_COMMITTED [default READ_COMMITTED]
	JDBC fetch size: none
	Pool: DataSourceConnectionProvider
	Minimum pool size: undefined/unknown
	Maximum pool size: undefined/unknown
2026-08-04T18:42:12.423+05:30  INFO 18716 --- [bookstore] [main] org.hibernate.orm.core                   : HHH000489: No JTA platform available (set 'hibernate.transaction.jta.platform' to enable JTA platform integration)
2026-08-04T18:42:12.548+05:30  INFO 18716 --- [bookstore] [main] j.LocalContainerEntityManagerFactoryBean : Initialized JPA EntityManagerFactory for persistence unit 'default'
2026-08-04T18:42:12.632+05:30  INFO 18716 --- [bookstore] [main] o.s.d.j.r.query.QueryEnhancerFactories   : Hibernate is in classpath; If applicable, HQL parser will be used.
2026-08-04T18:42:13.673+05:30  WARN 18716 --- [bookstore] [main] ConfigServletWebServerApplicationContext : Exception encountered during context initialization - cancelling refresh attempt: org.springframework.beans.factory.UnsatisfiedDependencyException: Error creating bean with name 'orderController' defined in file [C:\prince\assignment1\bookstore\target\classes\com\tss\bookstore\controller\OrderController.class]: Unsatisfied dependency expressed through constructor parameter 0: Error creating bean with name 'orderServiceImpl' defined in file [C:\prince\assignment1\bookstore\target\classes\com\tss\bookstore\service\OrderServiceImpl.class]: Unsatisfied dependency expressed through constructor parameter 1: Error creating bean with name 'userRepository' defined in com.tss.bookstore.repository.UserRepository defined in @EnableJpaRepositories declared on DataJpaRepositoriesRegistrar.EnableJpaRepositoriesConfiguration: No property 'findActiveUsersWithProfile' found for type 'User'
2026-08-04T18:42:13.673+05:30  INFO 18716 --- [bookstore] [main] j.LocalContainerEntityManagerFactoryBean : Closing JPA EntityManagerFactory for persistence unit 'default'
2026-08-04T18:42:13.676+05:30  INFO 18716 --- [bookstore] [main] com.zaxxer.hikari.HikariDataSource       : HikariPool-1 - Shutdown initiated...
2026-08-04T18:42:13.678+05:30  INFO 18716 --- [bookstore] [main] com.zaxxer.hikari.HikariDataSource       : HikariPool-1 - Shutdown completed.
2026-08-04T18:42:13.687+05:30  INFO 18716 --- [bookstore] [main] o.apache.catalina.core.StandardService   : Stopping service [Tomcat]
2026-08-04T18:42:13.706+05:30  INFO 18716 --- [bookstore] [main] .s.b.a.l.ConditionEvaluationReportLogger : 

Error starting ApplicationContext. To display the condition evaluation report re-run your application with 'debug' enabled.
2026-08-04T18:42:13.718+05:30 ERROR 18716 --- [bookstore] [main] o.s.boot.SpringApplication               : Application run failed

org.springframework.beans.factory.UnsatisfiedDependencyException: Error creating bean with name 'orderController' defined in file [C:\prince\assignment1\bookstore\target\classes\com\tss\bookstore\controller\OrderController.class]: Unsatisfied dependency expressed through constructor parameter 0: Error creating bean with name 'orderServiceImpl' defined in file [C:\prince\assignment1\bookstore\target\classes\com\tss\bookstore\service\OrderServiceImpl.class]: Unsatisfied dependency expressed through constructor parameter 1: Error creating bean with name 'userRepository' defined in com.tss.bookstore.repository.UserRepository defined in @EnableJpaRepositories declared on DataJpaRepositoriesRegistrar.EnableJpaRepositoriesConfiguration: No property 'findActiveUsersWithProfile' found for type 'User'
	at org.springframework.beans.factory.support.ConstructorResolver.createArgumentArray(ConstructorResolver.java:804) ~[spring-beans-7.0.8.jar:7.0.8]
	at org.springframework.beans.factory.support.ConstructorResolver.autowireConstructor(ConstructorResolver.java:240) ~[spring-beans-7.0.8.jar:7.0.8]
	at org.springframework.beans.factory.support.AbstractAutowireCapableBeanFactory.autowireConstructor(AbstractAutowireCapableBeanFactory.java:1380) ~[spring-beans-7.0.8.jar:7.0.8]
	at org.springframework.beans.factory.support.AbstractAutowireCapableBeanFactory.createBeanInstance(AbstractAutowireCapableBeanFactory.java:1219) ~[spring-beans-7.0.8.jar:7.0.8]
	at org.springframework.beans.factory.support.AbstractAutowireCapableBeanFactory.doCreateBean(AbstractAutowireCapableBeanFactory.java:565) ~[spring-beans-7.0.8.jar:7.0.8]
	at org.springframework.beans.factory.support.AbstractAutowireCapableBeanFactory.createBean(AbstractAutowireCapableBeanFactory.java:525) ~[spring-beans-7.0.8.jar:7.0.8]
	at org.springframework.beans.factory.support.AbstractBeanFactory.lambda$doGetBean$0(AbstractBeanFactory.java:333) ~[spring-beans-7.0.8.jar:7.0.8]
	at org.springframework.beans.factory.support.DefaultSingletonBeanRegistry.getSingleton(DefaultSingletonBeanRegistry.java:371) ~[spring-beans-7.0.8.jar:7.0.8]
	at org.springframework.beans.factory.support.AbstractBeanFactory.doGetBean(AbstractBeanFactory.java:331) ~[spring-beans-7.0.8.jar:7.0.8]
	at org.springframework.beans.factory.support.AbstractBeanFactory.getBean(AbstractBeanFactory.java:196) ~[spring-beans-7.0.8.jar:7.0.8]
	at org.springframework.beans.factory.support.DefaultListableBeanFactory.instantiateSingleton(DefaultListableBeanFactory.java:1225) ~[spring-beans-7.0.8.jar:7.0.8]
	at org.springframework.beans.factory.support.DefaultListableBeanFactory.preInstantiateSingleton(DefaultListableBeanFactory.java:1191) ~[spring-beans-7.0.8.jar:7.0.8]
	at org.springframework.beans.factory.support.DefaultListableBeanFactory.preInstantiateSingletons(DefaultListableBeanFactory.java:1121) ~[spring-beans-7.0.8.jar:7.0.8]
	at org.springframework.context.support.AbstractApplicationContext.finishBeanFactoryInitialization(AbstractApplicationContext.java:994) ~[spring-context-7.0.8.jar:7.0.8]
	at org.springframework.context.support.AbstractApplicationContext.refresh(AbstractApplicationContext.java:621) ~[spring-context-7.0.8.jar:7.0.8]
	at org.springframework.boot.web.server.servlet.context.ServletWebServerApplicationContext.refresh(ServletWebServerApplicationContext.java:143) ~[spring-boot-web-server-4.1.0.jar:4.1.0]
	at org.springframework.boot.SpringApplication.refresh(SpringApplication.java:756) ~[spring-boot-4.1.0.jar:4.1.0]
	at org.springframework.boot.SpringApplication.refreshContext(SpringApplication.java:445) ~[spring-boot-4.1.0.jar:4.1.0]
	at org.springframework.boot.SpringApplication.run(SpringApplication.java:321) ~[spring-boot-4.1.0.jar:4.1.0]
	at org.springframework.boot.SpringApplication.run(SpringApplication.java:1365) ~[spring-boot-4.1.0.jar:4.1.0]
	at org.springframework.boot.SpringApplication.run(SpringApplication.java:1354) ~[spring-boot-4.1.0.jar:4.1.0]
	at com.tss.bookstore.BookstoreApplication.main(BookstoreApplication.java:10) ~[classes/:na]
Caused by: org.springframework.beans.factory.UnsatisfiedDependencyException: Error creating bean with name 'orderServiceImpl' defined in file [C:\prince\assignment1\bookstore\target\classes\com\tss\bookstore\service\OrderServiceImpl.class]: Unsatisfied dependency expressed through constructor parameter 1: Error creating bean with name 'userRepository' defined in com.tss.bookstore.repository.UserRepository defined in @EnableJpaRepositories declared on DataJpaRepositoriesRegistrar.EnableJpaRepositoriesConfiguration: No property 'findActiveUsersWithProfile' found for type 'User'
	at org.springframework.beans.factory.support.ConstructorResolver.createArgumentArray(ConstructorResolver.java:804) ~[spring-beans-7.0.8.jar:7.0.8]
	at org.springframework.beans.factory.support.ConstructorResolver.autowireConstructor(ConstructorResolver.java:240) ~[spring-beans-7.0.8.jar:7.0.8]
	at org.springframework.beans.factory.support.AbstractAutowireCapableBeanFactory.autowireConstructor(AbstractAutowireCapableBeanFactory.java:1380) ~[spring-beans-7.0.8.jar:7.0.8]
	at org.springframework.beans.factory.support.AbstractAutowireCapableBeanFactory.createBeanInstance(AbstractAutowireCapableBeanFactory.java:1219) ~[spring-beans-7.0.8.jar:7.0.8]
	at org.springframework.beans.factory.support.AbstractAutowireCapableBeanFactory.doCreateBean(AbstractAutowireCapableBeanFactory.java:565) ~[spring-beans-7.0.8.jar:7.0.8]
	at org.springframework.beans.factory.support.AbstractAutowireCapableBeanFactory.createBean(AbstractAutowireCapableBeanFactory.java:525) ~[spring-beans-7.0.8.jar:7.0.8]
	at org.springframework.beans.factory.support.AbstractBeanFactory.lambda$doGetBean$0(AbstractBeanFactory.java:333) ~[spring-beans-7.0.8.jar:7.0.8]
	at org.springframework.beans.factory.support.DefaultSingletonBeanRegistry.getSingleton(DefaultSingletonBeanRegistry.java:371) ~[spring-beans-7.0.8.jar:7.0.8]
	at org.springframework.beans.factory.support.AbstractBeanFactory.doGetBean(AbstractBeanFactory.java:331) ~[spring-beans-7.0.8.jar:7.0.8]
	at org.springframework.beans.factory.support.AbstractBeanFactory.getBean(AbstractBeanFactory.java:201) ~[spring-beans-7.0.8.jar:7.0.8]
	at org.springframework.beans.factory.config.DependencyDescriptor.resolveCandidate(DependencyDescriptor.java:229) ~[spring-beans-7.0.8.jar:7.0.8]
	at org.springframework.beans.factory.support.DefaultListableBeanFactory.doResolveDependency(DefaultListableBeanFactory.java:1769) ~[spring-beans-7.0.8.jar:7.0.8]
	at org.springframework.beans.factory.support.DefaultListableBeanFactory.resolveDependency(DefaultListableBeanFactory.java:1658) ~[spring-beans-7.0.8.jar:7.0.8]
	at org.springframework.beans.factory.support.ConstructorResolver.resolveAutowiredArgument(ConstructorResolver.java:912) ~[spring-beans-7.0.8.jar:7.0.8]
	at org.springframework.beans.factory.support.ConstructorResolver.createArgumentArray(ConstructorResolver.java:791) ~[spring-beans-7.0.8.jar:7.0.8]
	... 21 common frames omitted
Caused by: org.springframework.beans.factory.BeanCreationException: Error creating bean with name 'userRepository' defined in com.tss.bookstore.repository.UserRepository defined in @EnableJpaRepositories declared on DataJpaRepositoriesRegistrar.EnableJpaRepositoriesConfiguration: No property 'findActiveUsersWithProfile' found for type 'User'
	at org.springframework.beans.factory.support.AbstractAutowireCapableBeanFactory.initializeBean(AbstractAutowireCapableBeanFactory.java:1815) ~[spring-beans-7.0.8.jar:7.0.8]
	at org.springframework.beans.factory.support.AbstractAutowireCapableBeanFactory.doCreateBean(AbstractAutowireCapableBeanFactory.java:603) ~[spring-beans-7.0.8.jar:7.0.8]
	at org.springframework.beans.factory.support.AbstractAutowireCapableBeanFactory.createBean(AbstractAutowireCapableBeanFactory.java:525) ~[spring-beans-7.0.8.jar:7.0.8]
	at org.springframework.beans.factory.support.AbstractBeanFactory.lambda$doGetBean$0(AbstractBeanFactory.java:333) ~[spring-beans-7.0.8.jar:7.0.8]
	at org.springframework.beans.factory.support.DefaultSingletonBeanRegistry.getSingleton(DefaultSingletonBeanRegistry.java:371) ~[spring-beans-7.0.8.jar:7.0.8]
	at org.springframework.beans.factory.support.AbstractBeanFactory.doGetBean(AbstractBeanFactory.java:331) ~[spring-beans-7.0.8.jar:7.0.8]
	at org.springframework.beans.factory.support.AbstractBeanFactory.getBean(AbstractBeanFactory.java:201) ~[spring-beans-7.0.8.jar:7.0.8]
	at org.springframework.beans.factory.support.DefaultListableBeanFactory.resolveBean(DefaultListableBeanFactory.java:1232) ~[spring-beans-7.0.8.jar:7.0.8]
	at org.springframework.beans.factory.support.DefaultListableBeanFactory.doResolveDependency(DefaultListableBeanFactory.java:1711) ~[spring-beans-7.0.8.jar:7.0.8]
	at org.springframework.beans.factory.support.DefaultListableBeanFactory.resolveDependency(DefaultListableBeanFactory.java:1658) ~[spring-beans-7.0.8.jar:7.0.8]
	at org.springframework.beans.factory.support.ConstructorResolver.resolveAutowiredArgument(ConstructorResolver.java:912) ~[spring-beans-7.0.8.jar:7.0.8]
	at org.springframework.beans.factory.support.ConstructorResolver.createArgumentArray(ConstructorResolver.java:791) ~[spring-beans-7.0.8.jar:7.0.8]
	... 35 common frames omitted
Caused by: org.springframework.data.repository.query.QueryCreationException: Cannot create query for method [UserRepository.findActiveUsersWithProfile(org.springframework.data.domain.Pageable)]; No property 'findActiveUsersWithProfile' found for type 'User'
	at org.springframework.data.repository.query.QueryCreationException.create(QueryCreationException.java:109) ~[spring-data-commons-4.1.0.jar:4.1.0]
	at org.springframework.data.jpa.repository.query.PartTreeJpaQuery.<init>(PartTreeJpaQuery.java:114) ~[spring-data-jpa-4.1.0.jar:4.1.0]
	at org.springframework.data.jpa.repository.query.JpaQueryLookupStrategy$CreateQueryLookupStrategy.resolveQuery(JpaQueryLookupStrategy.java:118) ~[spring-data-jpa-4.1.0.jar:4.1.0]
	at org.springframework.data.jpa.repository.query.JpaQueryLookupStrategy$CreateIfNotFoundQueryLookupStrategy.resolveQuery(JpaQueryLookupStrategy.java:291) ~[spring-data-jpa-4.1.0.jar:4.1.0]
	at org.springframework.data.jpa.repository.query.JpaQueryLookupStrategy$AbstractQueryLookupStrategy.resolveQuery(JpaQueryLookupStrategy.java:93) ~[spring-data-jpa-4.1.0.jar:4.1.0]
	at org.springframework.data.repository.core.support.QueryExecutorMethodInterceptor.lookupQuery(QueryExecutorMethodInterceptor.java:114) ~[spring-data-commons-4.1.0.jar:4.1.0]
	at org.springframework.data.repository.core.support.QueryExecutorMethodInterceptor.mapMethodsToQuery(QueryExecutorMethodInterceptor.java:102) ~[spring-data-commons-4.1.0.jar:4.1.0]
	at org.springframework.data.repository.core.support.QueryExecutorMethodInterceptor.<init>(QueryExecutorMethodInterceptor.java:90) ~[spring-data-commons-4.1.0.jar:4.1.0]
	at org.springframework.data.repository.core.support.RepositoryFactorySupport.getRepository(RepositoryFactorySupport.java:413) ~[spring-data-commons-4.1.0.jar:4.1.0]
	at org.springframework.data.repository.core.support.RepositoryFactoryBeanSupport.lambda$afterPropertiesSet$1(RepositoryFactoryBeanSupport.java:361) ~[spring-data-commons-4.1.0.jar:4.1.0]
	at org.springframework.data.util.Lazy.getNullable(Lazy.java:136) ~[spring-data-commons-4.1.0.jar:4.1.0]
	at org.springframework.data.util.Lazy.get(Lazy.java:114) ~[spring-data-commons-4.1.0.jar:4.1.0]
	at org.springframework.data.repository.core.support.RepositoryFactoryBeanSupport.afterPropertiesSet(RepositoryFactoryBeanSupport.java:370) ~[spring-data-commons-4.1.0.jar:4.1.0]
	at org.springframework.data.jpa.repository.support.JpaRepositoryFactoryBean.afterPropertiesSet(JpaRepositoryFactoryBean.java:212) ~[spring-data-jpa-4.1.0.jar:4.1.0]
	at org.springframework.beans.factory.support.AbstractAutowireCapableBeanFactory.invokeInitMethods(AbstractAutowireCapableBeanFactory.java:1862) ~[spring-beans-7.0.8.jar:7.0.8]
	at org.springframework.beans.factory.support.AbstractAutowireCapableBeanFactory.initializeBean(AbstractAutowireCapableBeanFactory.java:1811) ~[spring-beans-7.0.8.jar:7.0.8]
	... 46 common frames omitted
Caused by: org.springframework.data.core.PropertyReferenceException: No property 'findActiveUsersWithProfile' found for type 'User'
	at org.springframework.data.core.SimplePropertyPath.<init>(SimplePropertyPath.java:94) ~[spring-data-commons-4.1.0.jar:4.1.0]
	at org.springframework.data.core.SimplePropertyPath.create(SimplePropertyPath.java:322) ~[spring-data-commons-4.1.0.jar:4.1.0]
	at org.springframework.data.core.SimplePropertyPath.create(SimplePropertyPath.java:297) ~[spring-data-commons-4.1.0.jar:4.1.0]
	at org.springframework.data.core.SimplePropertyPath.lambda$from$0(SimplePropertyPath.java:250) ~[spring-data-commons-4.1.0.jar:4.1.0]
	at org.springframework.util.ConcurrentReferenceHashMap$6.execute(ConcurrentReferenceHashMap.java:387) ~[spring-core-7.0.8.jar:7.0.8]
	at org.springframework.util.ConcurrentReferenceHashMap$Segment.doTask(ConcurrentReferenceHashMap.java:688) ~[spring-core-7.0.8.jar:7.0.8]
	at org.springframework.util.ConcurrentReferenceHashMap.doTask(ConcurrentReferenceHashMap.java:572) ~[spring-core-7.0.8.jar:7.0.8]
	at org.springframework.util.ConcurrentReferenceHashMap.computeIfAbsent(ConcurrentReferenceHashMap.java:381) ~[spring-core-7.0.8.jar:7.0.8]
	at org.springframework.data.core.SimplePropertyPath.from(SimplePropertyPath.java:228) ~[spring-data-commons-4.1.0.jar:4.1.0]
	at org.springframework.data.core.PropertyPath.from(PropertyPath.java:264) ~[spring-data-commons-4.1.0.jar:4.1.0]
	at org.springframework.data.core.PropertyPath.from(PropertyPath.java:247) ~[spring-data-commons-4.1.0.jar:4.1.0]
	at org.springframework.data.repository.query.parser.Part.<init>(Part.java:81) ~[spring-data-commons-4.1.0.jar:4.1.0]
	at org.springframework.data.repository.query.parser.PartTree$OrPart.lambda$new$0(PartTree.java:260) ~[spring-data-commons-4.1.0.jar:4.1.0]
	at java.base/java.util.stream.ReferencePipeline$3$1.accept(ReferencePipeline.java:197) ~[na:na]
	at java.base/java.util.stream.ReferencePipeline$2$1.accept(ReferencePipeline.java:179) ~[na:na]
	at java.base/java.util.Spliterators$ArraySpliterator.forEachRemaining(Spliterators.java:992) ~[na:na]
	at java.base/java.util.stream.AbstractPipeline.copyInto(AbstractPipeline.java:509) ~[na:na]
	at java.base/java.util.stream.AbstractPipeline.wrapAndCopyInto(AbstractPipeline.java:499) ~[na:na]
	at java.base/java.util.stream.ReduceOps$ReduceOp.evaluateSequential(ReduceOps.java:921) ~[na:na]
	at java.base/java.util.stream.AbstractPipeline.evaluate(AbstractPipeline.java:234) ~[na:na]
	at java.base/java.util.stream.ReferencePipeline.collect(ReferencePipeline.java:682) ~[na:na]
	at org.springframework.data.repository.query.parser.PartTree$OrPart.<init>(PartTree.java:261) ~[spring-data-commons-4.1.0.jar:4.1.0]
	at org.springframework.data.repository.query.parser.PartTree$Predicate.lambda$new$0(PartTree.java:390) ~[spring-data-commons-4.1.0.jar:4.1.0]
	at java.base/java.util.stream.ReferencePipeline$3$1.accept(ReferencePipeline.java:197) ~[na:na]
	at java.base/java.util.stream.ReferencePipeline$2$1.accept(ReferencePipeline.java:179) ~[na:na]
	at java.base/java.util.Spliterators$ArraySpliterator.forEachRemaining(Spliterators.java:992) ~[na:na]
	at java.base/java.util.stream.AbstractPipeline.copyInto(AbstractPipeline.java:509) ~[na:na]
	at java.base/java.util.stream.AbstractPipeline.wrapAndCopyInto(AbstractPipeline.java:499) ~[na:na]
	at java.base/java.util.stream.ReduceOps$ReduceOp.evaluateSequential(ReduceOps.java:921) ~[na:na]
	at java.base/java.util.stream.AbstractPipeline.evaluate(AbstractPipeline.java:234) ~[na:na]
	at java.base/java.util.stream.ReferencePipeline.collect(ReferencePipeline.java:682) ~[na:na]
	at org.springframework.data.repository.query.parser.PartTree$Predicate.<init>(PartTree.java:391) ~[spring-data-commons-4.1.0.jar:4.1.0]
	at org.springframework.data.repository.query.parser.PartTree.<init>(PartTree.java:101) ~[spring-data-commons-4.1.0.jar:4.1.0]
	at org.springframework.data.jpa.repository.query.PartTreeJpaQuery.<init>(PartTreeJpaQuery.java:108) ~[spring-data-jpa-4.1.0.jar:4.1.0]
	... 60 common frames omitted

2026-08-04T18:42:49.988+05:30  INFO 19088 --- [bookstore] [main] com.tss.bookstore.BookstoreApplication   : Starting BookstoreApplication using Java 18.0.2.1 with PID 19088 (C:\prince\assignment1\bookstore\target\classes started by Prince.Kakadiya in C:\prince\assignment1\bookstore)
2026-08-04T18:42:49.992+05:30 DEBUG 19088 --- [bookstore] [main] com.tss.bookstore.BookstoreApplication   : Running with Spring Boot v4.1.0, Spring v7.0.8
2026-08-04T18:42:49.993+05:30  INFO 19088 --- [bookstore] [main] com.tss.bookstore.BookstoreApplication   : No active profile set, falling back to 1 default profile: "default"
2026-08-04T18:42:50.658+05:30  INFO 19088 --- [bookstore] [main] .s.d.r.c.RepositoryConfigurationDelegate : Bootstrapping Spring Data JPA repositories in DEFAULT mode.
2026-08-04T18:42:50.735+05:30  INFO 19088 --- [bookstore] [main] .s.d.r.c.RepositoryConfigurationDelegate : Finished Spring Data repository scanning in 69 ms. Found 9 JPA repository interfaces.
2026-08-04T18:42:51.130+05:30  INFO 19088 --- [bookstore] [main] o.s.boot.tomcat.TomcatWebServer          : Tomcat initialized with port 8080 (http)
2026-08-04T18:42:51.144+05:30  INFO 19088 --- [bookstore] [main] o.apache.catalina.core.StandardService   : Starting service [Tomcat]
2026-08-04T18:42:51.145+05:30  INFO 19088 --- [bookstore] [main] o.apache.catalina.core.StandardEngine    : Starting Servlet engine: [Apache Tomcat/11.0.22]
2026-08-04T18:42:51.240+05:30  INFO 19088 --- [bookstore] [main] b.w.c.s.WebApplicationContextInitializer : Root WebApplicationContext: initialization completed in 1196 ms
2026-08-04T18:42:51.410+05:30  INFO 19088 --- [bookstore] [main] org.hibernate.orm.jpa                    : HHH008540: Processing PersistenceUnitInfo [name: default]
2026-08-04T18:42:51.473+05:30  INFO 19088 --- [bookstore] [main] org.hibernate.orm.core                   : HHH000001: Hibernate ORM core version 7.4.1.Final
2026-08-04T18:42:51.865+05:30  INFO 19088 --- [bookstore] [main] o.s.o.j.p.SpringPersistenceUnitInfo      : No LoadTimeWeaver setup: ignoring JPA class transformer
2026-08-04T18:42:51.893+05:30  INFO 19088 --- [bookstore] [main] com.zaxxer.hikari.HikariDataSource       : HikariPool-1 - Starting...
2026-08-04T18:42:52.085+05:30  INFO 19088 --- [bookstore] [main] com.zaxxer.hikari.pool.HikariPool        : HikariPool-1 - Added connection org.postgresql.jdbc.PgConnection@226e07e7
2026-08-04T18:42:52.087+05:30  INFO 19088 --- [bookstore] [main] com.zaxxer.hikari.HikariDataSource       : HikariPool-1 - Start completed.
2026-08-04T18:42:52.152+05:30  INFO 19088 --- [bookstore] [main] org.hibernate.orm.connections.pooling    : HHH10001005: Database info:
	Database JDBC URL [jdbc:postgresql://localhost:5432/bookstore_db]
	Database driver: PostgreSQL JDBC Driver
	Database dialect: PostgreSQLDialect
	Database version: 18.4
	Default catalog/schema: bookstore_db/public
	Autocommit mode: undefined/unknown
	Isolation level: READ_COMMITTED [default READ_COMMITTED]
	JDBC fetch size: none
	Pool: DataSourceConnectionProvider
	Minimum pool size: undefined/unknown
	Maximum pool size: undefined/unknown
2026-08-04T18:42:53.552+05:30  INFO 19088 --- [bookstore] [main] org.hibernate.orm.core                   : HHH000489: No JTA platform available (set 'hibernate.transaction.jta.platform' to enable JTA platform integration)
2026-08-04T18:42:53.646+05:30  INFO 19088 --- [bookstore] [main] j.LocalContainerEntityManagerFactoryBean : Initialized JPA EntityManagerFactory for persistence unit 'default'
2026-08-04T18:42:53.708+05:30  INFO 19088 --- [bookstore] [main] o.s.d.j.r.query.QueryEnhancerFactories   : Hibernate is in classpath; If applicable, HQL parser will be used.
2026-08-04T18:42:54.703+05:30  WARN 19088 --- [bookstore] [main] JpaBaseConfiguration$JpaWebConfiguration : spring.jpa.open-in-view is enabled by default. Therefore, database queries may be performed during view rendering. Explicitly configure spring.jpa.open-in-view to disable this warning
2026-08-04T18:42:55.040+05:30  INFO 19088 --- [bookstore] [main] o.s.boot.tomcat.TomcatWebServer          : Tomcat started on port 8080 (http) with context path '/'
2026-08-04T18:42:55.045+05:30  INFO 19088 --- [bookstore] [main] com.tss.bookstore.BookstoreApplication   : Started BookstoreApplication in 5.56 seconds (process running for 6.119)
2026-08-04T18:43:01.082+05:30  INFO 19088 --- [bookstore] [http-nio-8080-exec-1] o.a.c.c.C.[Tomcat].[localhost].[/]       : Initializing Spring DispatcherServlet 'dispatcherServlet'
2026-08-04T18:43:01.082+05:30  INFO 19088 --- [bookstore] [http-nio-8080-exec-1] o.s.web.servlet.DispatcherServlet        : Initializing Servlet 'dispatcherServlet'
2026-08-04T18:43:01.084+05:30  INFO 19088 --- [bookstore] [http-nio-8080-exec-1] o.s.web.servlet.DispatcherServlet        : Completed initialization in 1 ms
2026-08-04T18:43:01.133+05:30 DEBUG 19088 --- [bookstore] [http-nio-8080-exec-1] c.tss.bookstore.service.UserServiceImpl  : Fetching users. page=0, size=20
2026-08-04T18:44:35.562+05:30  INFO 19088 --- [bookstore] [SpringApplicationShutdownHook] o.s.boot.tomcat.GracefulShutdown         : Commencing graceful shutdown. Waiting for active requests to complete
2026-08-04T18:44:35.804+05:30  INFO 19088 --- [bookstore] [tomcat-shutdown] o.s.boot.tomcat.GracefulShutdown         : Graceful shutdown complete
2026-08-04T18:44:35.811+05:30  INFO 19088 --- [bookstore] [SpringApplicationShutdownHook] j.LocalContainerEntityManagerFactoryBean : Closing JPA EntityManagerFactory for persistence unit 'default'
2026-08-04T18:44:35.814+05:30  INFO 19088 --- [bookstore] [SpringApplicationShutdownHook] com.zaxxer.hikari.HikariDataSource       : HikariPool-1 - Shutdown initiated...
2026-08-04T18:44:35.817+05:30  INFO 19088 --- [bookstore] [SpringApplicationShutdownHook] com.zaxxer.hikari.HikariDataSource       : HikariPool-1 - Shutdown completed.
2026-08-04T18:44:40.924+05:30  INFO 7424 --- [bookstore] [main] com.tss.bookstore.BookstoreApplication   : Starting BookstoreApplication using Java 18.0.2.1 with PID 7424 (C:\prince\assignment1\bookstore\target\classes started by Prince.Kakadiya in C:\prince\assignment1\bookstore)
2026-08-04T18:44:40.927+05:30 DEBUG 7424 --- [bookstore] [main] com.tss.bookstore.BookstoreApplication   : Running with Spring Boot v4.1.0, Spring v7.0.8
2026-08-04T18:44:40.928+05:30  INFO 7424 --- [bookstore] [main] com.tss.bookstore.BookstoreApplication   : No active profile set, falling back to 1 default profile: "default"
2026-08-04T18:44:41.707+05:30  INFO 7424 --- [bookstore] [main] .s.d.r.c.RepositoryConfigurationDelegate : Bootstrapping Spring Data JPA repositories in DEFAULT mode.
2026-08-04T18:44:41.789+05:30  INFO 7424 --- [bookstore] [main] .s.d.r.c.RepositoryConfigurationDelegate : Finished Spring Data repository scanning in 74 ms. Found 9 JPA repository interfaces.
2026-08-04T18:44:42.215+05:30  INFO 7424 --- [bookstore] [main] o.s.boot.tomcat.TomcatWebServer          : Tomcat initialized with port 8080 (http)
2026-08-04T18:44:42.230+05:30  INFO 7424 --- [bookstore] [main] o.apache.catalina.core.StandardService   : Starting service [Tomcat]
2026-08-04T18:44:42.231+05:30  INFO 7424 --- [bookstore] [main] o.apache.catalina.core.StandardEngine    : Starting Servlet engine: [Apache Tomcat/11.0.22]
2026-08-04T18:44:42.303+05:30  INFO 7424 --- [bookstore] [main] b.w.c.s.WebApplicationContextInitializer : Root WebApplicationContext: initialization completed in 1316 ms
2026-08-04T18:44:42.457+05:30  INFO 7424 --- [bookstore] [main] org.hibernate.orm.jpa                    : HHH008540: Processing PersistenceUnitInfo [name: default]
2026-08-04T18:44:42.524+05:30  INFO 7424 --- [bookstore] [main] org.hibernate.orm.core                   : HHH000001: Hibernate ORM core version 7.4.1.Final
2026-08-04T18:44:42.962+05:30  INFO 7424 --- [bookstore] [main] o.s.o.j.p.SpringPersistenceUnitInfo      : No LoadTimeWeaver setup: ignoring JPA class transformer
2026-08-04T18:44:42.998+05:30  INFO 7424 --- [bookstore] [main] com.zaxxer.hikari.HikariDataSource       : HikariPool-1 - Starting...
2026-08-04T18:44:43.234+05:30  INFO 7424 --- [bookstore] [main] com.zaxxer.hikari.pool.HikariPool        : HikariPool-1 - Added connection org.postgresql.jdbc.PgConnection@4ec8d9b2
2026-08-04T18:44:43.236+05:30  INFO 7424 --- [bookstore] [main] com.zaxxer.hikari.HikariDataSource       : HikariPool-1 - Start completed.
2026-08-04T18:44:43.305+05:30  INFO 7424 --- [bookstore] [main] org.hibernate.orm.connections.pooling    : HHH10001005: Database info:
	Database JDBC URL [jdbc:postgresql://localhost:5432/bookstore_db]
	Database driver: PostgreSQL JDBC Driver
	Database dialect: PostgreSQLDialect
	Database version: 18.4
	Default catalog/schema: bookstore_db/public
	Autocommit mode: undefined/unknown
	Isolation level: READ_COMMITTED [default READ_COMMITTED]
	JDBC fetch size: none
	Pool: DataSourceConnectionProvider
	Minimum pool size: undefined/unknown
	Maximum pool size: undefined/unknown
2026-08-04T18:44:44.730+05:30  INFO 7424 --- [bookstore] [main] org.hibernate.orm.core                   : HHH000489: No JTA platform available (set 'hibernate.transaction.jta.platform' to enable JTA platform integration)
2026-08-04T18:44:44.835+05:30  INFO 7424 --- [bookstore] [main] j.LocalContainerEntityManagerFactoryBean : Initialized JPA EntityManagerFactory for persistence unit 'default'
2026-08-04T18:44:44.896+05:30  INFO 7424 --- [bookstore] [main] o.s.d.j.r.query.QueryEnhancerFactories   : Hibernate is in classpath; If applicable, HQL parser will be used.
2026-08-04T18:44:45.884+05:30  WARN 7424 --- [bookstore] [main] JpaBaseConfiguration$JpaWebConfiguration : spring.jpa.open-in-view is enabled by default. Therefore, database queries may be performed during view rendering. Explicitly configure spring.jpa.open-in-view to disable this warning
2026-08-04T18:44:46.228+05:30  INFO 7424 --- [bookstore] [main] o.s.boot.tomcat.TomcatWebServer          : Tomcat started on port 8080 (http) with context path '/'
2026-08-04T18:44:46.232+05:30  INFO 7424 --- [bookstore] [main] com.tss.bookstore.BookstoreApplication   : Started BookstoreApplication in 5.842 seconds (process running for 6.418)
2026-08-04T18:44:52.223+05:30  INFO 7424 --- [bookstore] [http-nio-8080-exec-1] o.a.c.c.C.[Tomcat].[localhost].[/]       : Initializing Spring DispatcherServlet 'dispatcherServlet'
2026-08-04T18:44:52.223+05:30  INFO 7424 --- [bookstore] [http-nio-8080-exec-1] o.s.web.servlet.DispatcherServlet        : Initializing Servlet 'dispatcherServlet'
2026-08-04T18:44:52.224+05:30  INFO 7424 --- [bookstore] [http-nio-8080-exec-1] o.s.web.servlet.DispatcherServlet        : Completed initialization in 1 ms
2026-08-04T18:44:52.256+05:30 DEBUG 7424 --- [bookstore] [http-nio-8080-exec-1] c.tss.bookstore.service.UserServiceImpl  : Fetching users. page=0, size=20
2026-08-04T18:45:51.308+05:30 DEBUG 7424 --- [bookstore] [http-nio-8080-exec-4] c.tss.bookstore.service.BookServiceImpl  : Fetching books. page=0, size=10
2026-08-04T18:48:33.860+05:30  INFO 7424 --- [bookstore] [SpringApplicationShutdownHook] o.s.boot.tomcat.GracefulShutdown         : Commencing graceful shutdown. Waiting for active requests to complete
2026-08-04T18:48:34.145+05:30  INFO 7424 --- [bookstore] [tomcat-shutdown] o.s.boot.tomcat.GracefulShutdown         : Graceful shutdown complete
2026-08-04T18:48:34.151+05:30  INFO 7424 --- [bookstore] [SpringApplicationShutdownHook] j.LocalContainerEntityManagerFactoryBean : Closing JPA EntityManagerFactory for persistence unit 'default'
2026-08-04T18:48:34.157+05:30  INFO 7424 --- [bookstore] [SpringApplicationShutdownHook] com.zaxxer.hikari.HikariDataSource       : HikariPool-1 - Shutdown initiated...
2026-08-04T18:48:34.162+05:30  INFO 7424 --- [bookstore] [SpringApplicationShutdownHook] com.zaxxer.hikari.HikariDataSource       : HikariPool-1 - Shutdown completed.
2026-08-04T18:48:39.324+05:30  INFO 5872 --- [bookstore] [main] com.tss.bookstore.BookstoreApplication   : Starting BookstoreApplication using Java 18.0.2.1 with PID 5872 (C:\prince\assignment1\bookstore\target\classes started by Prince.Kakadiya in C:\prince\assignment1\bookstore)
2026-08-04T18:48:39.328+05:30 DEBUG 5872 --- [bookstore] [main] com.tss.bookstore.BookstoreApplication   : Running with Spring Boot v4.1.0, Spring v7.0.8
2026-08-04T18:48:39.334+05:30  INFO 5872 --- [bookstore] [main] com.tss.bookstore.BookstoreApplication   : No active profile set, falling back to 1 default profile: "default"
2026-08-04T18:48:40.083+05:30  INFO 5872 --- [bookstore] [main] .s.d.r.c.RepositoryConfigurationDelegate : Bootstrapping Spring Data JPA repositories in DEFAULT mode.
2026-08-04T18:48:40.168+05:30  INFO 5872 --- [bookstore] [main] .s.d.r.c.RepositoryConfigurationDelegate : Finished Spring Data repository scanning in 76 ms. Found 9 JPA repository interfaces.
2026-08-04T18:48:40.593+05:30  INFO 5872 --- [bookstore] [main] o.s.boot.tomcat.TomcatWebServer          : Tomcat initialized with port 8080 (http)
2026-08-04T18:48:40.606+05:30  INFO 5872 --- [bookstore] [main] o.apache.catalina.core.StandardService   : Starting service [Tomcat]
2026-08-04T18:48:40.606+05:30  INFO 5872 --- [bookstore] [main] o.apache.catalina.core.StandardEngine    : Starting Servlet engine: [Apache Tomcat/11.0.22]
2026-08-04T18:48:40.672+05:30  INFO 5872 --- [bookstore] [main] b.w.c.s.WebApplicationContextInitializer : Root WebApplicationContext: initialization completed in 1280 ms
2026-08-04T18:48:40.825+05:30  INFO 5872 --- [bookstore] [main] org.hibernate.orm.jpa                    : HHH008540: Processing PersistenceUnitInfo [name: default]
2026-08-04T18:48:40.897+05:30  INFO 5872 --- [bookstore] [main] org.hibernate.orm.core                   : HHH000001: Hibernate ORM core version 7.4.1.Final
2026-08-04T18:48:41.448+05:30  INFO 5872 --- [bookstore] [main] o.s.o.j.p.SpringPersistenceUnitInfo      : No LoadTimeWeaver setup: ignoring JPA class transformer
2026-08-04T18:48:41.481+05:30  INFO 5872 --- [bookstore] [main] com.zaxxer.hikari.HikariDataSource       : HikariPool-1 - Starting...
2026-08-04T18:48:41.723+05:30  INFO 5872 --- [bookstore] [main] com.zaxxer.hikari.pool.HikariPool        : HikariPool-1 - Added connection org.postgresql.jdbc.PgConnection@226e07e7
2026-08-04T18:48:41.725+05:30  INFO 5872 --- [bookstore] [main] com.zaxxer.hikari.HikariDataSource       : HikariPool-1 - Start completed.
2026-08-04T18:48:41.798+05:30  INFO 5872 --- [bookstore] [main] org.hibernate.orm.connections.pooling    : HHH10001005: Database info:
	Database JDBC URL [jdbc:postgresql://localhost:5432/bookstore_db]
	Database driver: PostgreSQL JDBC Driver
	Database dialect: PostgreSQLDialect
	Database version: 18.4
	Default catalog/schema: bookstore_db/public
	Autocommit mode: undefined/unknown
	Isolation level: READ_COMMITTED [default READ_COMMITTED]
	JDBC fetch size: none
	Pool: DataSourceConnectionProvider
	Minimum pool size: undefined/unknown
	Maximum pool size: undefined/unknown
2026-08-04T18:48:43.246+05:30  INFO 5872 --- [bookstore] [main] org.hibernate.orm.core                   : HHH000489: No JTA platform available (set 'hibernate.transaction.jta.platform' to enable JTA platform integration)
2026-08-04T18:48:43.352+05:30  INFO 5872 --- [bookstore] [main] j.LocalContainerEntityManagerFactoryBean : Initialized JPA EntityManagerFactory for persistence unit 'default'
2026-08-04T18:48:43.412+05:30  INFO 5872 --- [bookstore] [main] o.s.d.j.r.query.QueryEnhancerFactories   : Hibernate is in classpath; If applicable, HQL parser will be used.
2026-08-04T18:48:44.395+05:30  WARN 5872 --- [bookstore] [main] JpaBaseConfiguration$JpaWebConfiguration : spring.jpa.open-in-view is enabled by default. Therefore, database queries may be performed during view rendering. Explicitly configure spring.jpa.open-in-view to disable this warning
2026-08-04T18:48:44.697+05:30  INFO 5872 --- [bookstore] [main] o.s.boot.tomcat.TomcatWebServer          : Tomcat started on port 8080 (http) with context path '/'
2026-08-04T18:48:44.702+05:30  INFO 5872 --- [bookstore] [main] com.tss.bookstore.BookstoreApplication   : Started BookstoreApplication in 5.905 seconds (process running for 6.478)
2026-08-04T18:48:55.349+05:30  INFO 5872 --- [bookstore] [http-nio-8080-exec-1] o.a.c.c.C.[Tomcat].[localhost].[/]       : Initializing Spring DispatcherServlet 'dispatcherServlet'
2026-08-04T18:48:55.350+05:30  INFO 5872 --- [bookstore] [http-nio-8080-exec-1] o.s.web.servlet.DispatcherServlet        : Initializing Servlet 'dispatcherServlet'
2026-08-04T18:48:55.351+05:30  INFO 5872 --- [bookstore] [http-nio-8080-exec-1] o.s.web.servlet.DispatcherServlet        : Completed initialization in 1 ms
2026-08-04T18:48:55.404+05:30 DEBUG 5872 --- [bookstore] [http-nio-8080-exec-1] c.tss.bookstore.service.BookServiceImpl  : Fetching books. page=0, size=10
2026-08-04T18:48:55.505+05:30 ERROR 5872 --- [bookstore] [http-nio-8080-exec-1] c.t.b.exception.GlobalExceptionHandler   : Unexpected error occurred: Encountered a duplicated sql alias [book_id] during auto-discovery of a native-sql query

org.springframework.orm.jpa.JpaSystemException: Encountered a duplicated sql alias [book_id] during auto-discovery of a native-sql query
	at org.springframework.orm.jpa.hibernate.HibernateExceptionTranslator.convertHibernateAccessException(HibernateExceptionTranslator.java:223) ~[spring-orm-7.0.8.jar:7.0.8]
	at org.springframework.orm.jpa.hibernate.HibernateExceptionTranslator.convertHibernateAccessException(HibernateExceptionTranslator.java:131) ~[spring-orm-7.0.8.jar:7.0.8]
	at org.springframework.orm.jpa.hibernate.HibernateExceptionTranslator.translateExceptionIfPossible(HibernateExceptionTranslator.java:105) ~[spring-orm-7.0.8.jar:7.0.8]
	at org.springframework.orm.jpa.vendor.HibernateJpaDialect.translateExceptionIfPossible(HibernateJpaDialect.java:223) ~[spring-orm-7.0.8.jar:7.0.8]
	at org.springframework.orm.jpa.AbstractEntityManagerFactoryBean.translateExceptionIfPossible(AbstractEntityManagerFactoryBean.java:577) ~[spring-orm-7.0.8.jar:7.0.8]
	at org.springframework.dao.support.ChainedPersistenceExceptionTranslator.translateExceptionIfPossible(ChainedPersistenceExceptionTranslator.java:61) ~[spring-tx-7.0.8.jar:7.0.8]
	at org.springframework.dao.support.DataAccessUtils.translateIfNecessary(DataAccessUtils.java:346) ~[spring-tx-7.0.8.jar:7.0.8]
	at org.springframework.dao.support.PersistenceExceptionTranslationInterceptor.invoke(PersistenceExceptionTranslationInterceptor.java:157) ~[spring-tx-7.0.8.jar:7.0.8]
	at org.springframework.aop.framework.ReflectiveMethodInvocation.proceed(ReflectiveMethodInvocation.java:179) ~[spring-aop-7.0.8.jar:7.0.8]
	at org.springframework.data.jpa.repository.support.CrudMethodMetadataPostProcessor$CrudMethodMetadataPopulatingMethodInterceptor.invoke(CrudMethodMetadataPostProcessor.java:137) ~[spring-data-jpa-4.1.0.jar:4.1.0]
	at org.springframework.aop.framework.ReflectiveMethodInvocation.proceed(ReflectiveMethodInvocation.java:179) ~[spring-aop-7.0.8.jar:7.0.8]
	at org.springframework.aop.framework.JdkDynamicAopProxy.invoke(JdkDynamicAopProxy.java:222) ~[spring-aop-7.0.8.jar:7.0.8]
	at jdk.proxy2/jdk.proxy2.$Proxy142.searchBooks(Unknown Source) ~[na:na]
	at com.tss.bookstore.service.BookServiceImpl.getAllBooks(BookServiceImpl.java:139) ~[classes/:na]
	at java.base/jdk.internal.reflect.DirectMethodHandleAccessor.invoke(DirectMethodHandleAccessor.java:104) ~[na:na]
	at java.base/java.lang.reflect.Method.invoke(Method.java:577) ~[na:na]
	at org.springframework.aop.support.AopUtils.invokeJoinpointUsingReflection(AopUtils.java:359) ~[spring-aop-7.0.8.jar:7.0.8]
	at org.springframework.aop.framework.CglibAopProxy$DynamicAdvisedInterceptor.intercept(CglibAopProxy.java:715) ~[spring-aop-7.0.8.jar:7.0.8]
	at com.tss.bookstore.service.BookServiceImpl$$SpringCGLIB$$0.getAllBooks(<generated>) ~[classes/:na]
	at com.tss.bookstore.controller.BookController.getAllBooks(BookController.java:53) ~[classes/:na]
	at java.base/jdk.internal.reflect.DirectMethodHandleAccessor.invoke(DirectMethodHandleAccessor.java:104) ~[na:na]
	at java.base/java.lang.reflect.Method.invoke(Method.java:577) ~[na:na]
	at org.springframework.web.method.support.InvocableHandlerMethod.doInvoke(InvocableHandlerMethod.java:252) ~[spring-web-7.0.8.jar:7.0.8]
	at org.springframework.web.method.support.InvocableHandlerMethod.invokeForRequest(InvocableHandlerMethod.java:184) ~[spring-web-7.0.8.jar:7.0.8]
	at org.springframework.web.servlet.mvc.method.annotation.ServletInvocableHandlerMethod.invokeAndHandle(ServletInvocableHandlerMethod.java:117) ~[spring-webmvc-7.0.8.jar:7.0.8]
	at org.springframework.web.servlet.mvc.method.annotation.RequestMappingHandlerAdapter.invokeHandlerMethod(RequestMappingHandlerAdapter.java:934) ~[spring-webmvc-7.0.8.jar:7.0.8]
	at org.springframework.web.servlet.mvc.method.annotation.RequestMappingHandlerAdapter.handleInternal(RequestMappingHandlerAdapter.java:853) ~[spring-webmvc-7.0.8.jar:7.0.8]
	at org.springframework.web.servlet.mvc.method.AbstractHandlerMethodAdapter.handle(AbstractHandlerMethodAdapter.java:86) ~[spring-webmvc-7.0.8.jar:7.0.8]
	at org.springframework.web.servlet.DispatcherServlet.doDispatch(DispatcherServlet.java:963) ~[spring-webmvc-7.0.8.jar:7.0.8]
	at org.springframework.web.servlet.DispatcherServlet.doService(DispatcherServlet.java:866) ~[spring-webmvc-7.0.8.jar:7.0.8]
	at org.springframework.web.servlet.FrameworkServlet.processRequest(FrameworkServlet.java:1000) ~[spring-webmvc-7.0.8.jar:7.0.8]
	at org.springframework.web.servlet.FrameworkServlet.doGet(FrameworkServlet.java:892) ~[spring-webmvc-7.0.8.jar:7.0.8]
	at jakarta.servlet.http.HttpServlet.service(HttpServlet.java:622) ~[tomcat-embed-core-11.0.22.jar:6.1]
	at org.springframework.web.servlet.FrameworkServlet.service(FrameworkServlet.java:874) ~[spring-webmvc-7.0.8.jar:7.0.8]
	at jakarta.servlet.http.HttpServlet.service(HttpServlet.java:710) ~[tomcat-embed-core-11.0.22.jar:6.1]
	at org.apache.catalina.core.ApplicationFilterChain.doFilter(ApplicationFilterChain.java:128) ~[tomcat-embed-core-11.0.22.jar:11.0.22]
	at org.apache.tomcat.websocket.server.WsFilter.doFilter(WsFilter.java:53) ~[tomcat-embed-websocket-11.0.22.jar:11.0.22]
	at org.apache.catalina.core.ApplicationFilterChain.doFilter(ApplicationFilterChain.java:107) ~[tomcat-embed-core-11.0.22.jar:11.0.22]
	at org.springframework.web.filter.RequestContextFilter.doFilterInternal(RequestContextFilter.java:100) ~[spring-web-7.0.8.jar:7.0.8]
	at org.springframework.web.filter.OncePerRequestFilter.doFilter(OncePerRequestFilter.java:116) ~[spring-web-7.0.8.jar:7.0.8]
	at org.apache.catalina.core.ApplicationFilterChain.doFilter(ApplicationFilterChain.java:107) ~[tomcat-embed-core-11.0.22.jar:11.0.22]
	at org.springframework.web.filter.FormContentFilter.doFilterInternal(FormContentFilter.java:93) ~[spring-web-7.0.8.jar:7.0.8]
	at org.springframework.web.filter.OncePerRequestFilter.doFilter(OncePerRequestFilter.java:116) ~[spring-web-7.0.8.jar:7.0.8]
	at org.apache.catalina.core.ApplicationFilterChain.doFilter(ApplicationFilterChain.java:107) ~[tomcat-embed-core-11.0.22.jar:11.0.22]
	at org.springframework.web.filter.CharacterEncodingFilter.doFilterInternal(CharacterEncodingFilter.java:199) ~[spring-web-7.0.8.jar:7.0.8]
	at org.springframework.web.filter.OncePerRequestFilter.doFilter(OncePerRequestFilter.java:116) ~[spring-web-7.0.8.jar:7.0.8]
	at org.apache.catalina.core.ApplicationFilterChain.doFilter(ApplicationFilterChain.java:107) ~[tomcat-embed-core-11.0.22.jar:11.0.22]
	at org.apache.catalina.core.StandardWrapperValve.invoke(StandardWrapperValve.java:165) ~[tomcat-embed-core-11.0.22.jar:11.0.22]
	at org.apache.catalina.core.StandardContextValve.invoke(StandardContextValve.java:77) ~[tomcat-embed-core-11.0.22.jar:11.0.22]
	at org.apache.catalina.authenticator.AuthenticatorBase.invoke(AuthenticatorBase.java:492) ~[tomcat-embed-core-11.0.22.jar:11.0.22]
	at org.apache.catalina.core.StandardHostValve.invoke(StandardHostValve.java:113) ~[tomcat-embed-core-11.0.22.jar:11.0.22]
	at org.apache.catalina.valves.ErrorReportValve.invoke(ErrorReportValve.java:83) ~[tomcat-embed-core-11.0.22.jar:11.0.22]
	at org.apache.catalina.core.StandardEngineValve.invoke(StandardEngineValve.java:72) ~[tomcat-embed-core-11.0.22.jar:11.0.22]
	at org.apache.catalina.connector.CoyoteAdapter.service(CoyoteAdapter.java:341) ~[tomcat-embed-core-11.0.22.jar:11.0.22]
	at org.apache.coyote.http11.Http11Processor.service(Http11Processor.java:397) ~[tomcat-embed-core-11.0.22.jar:11.0.22]
	at org.apache.coyote.AbstractProcessorLight.process(AbstractProcessorLight.java:63) ~[tomcat-embed-core-11.0.22.jar:11.0.22]
	at org.apache.coyote.AbstractProtocol$ConnectionHandler.process(AbstractProtocol.java:1272) ~[tomcat-embed-core-11.0.22.jar:11.0.22]
	at org.apache.tomcat.util.net.NioEndpoint$SocketProcessor.doRun(NioEndpoint.java:1801) ~[tomcat-embed-core-11.0.22.jar:11.0.22]
	at org.apache.tomcat.util.net.SocketProcessorBase.run(SocketProcessorBase.java:52) ~[tomcat-embed-core-11.0.22.jar:11.0.22]
	at org.apache.tomcat.util.threads.ThreadPoolExecutor.runWorker(ThreadPoolExecutor.java:946) ~[tomcat-embed-core-11.0.22.jar:11.0.22]
	at org.apache.tomcat.util.threads.ThreadPoolExecutor$Worker.run(ThreadPoolExecutor.java:480) ~[tomcat-embed-core-11.0.22.jar:11.0.22]
	at org.apache.tomcat.util.threads.TaskThread$WrappingRunnable.run(TaskThread.java:57) ~[tomcat-embed-core-11.0.22.jar:11.0.22]
	at java.base/java.lang.Thread.run(Thread.java:833) ~[na:na]
Caused by: org.hibernate.loader.NonUniqueDiscoveredSqlAliasException: Encountered a duplicated sql alias [book_id] during auto-discovery of a native-sql query
	at org.hibernate.query.results.internal.ResultSetMappingImpl.checkDuplicateAliases(ResultSetMappingImpl.java:258) ~[hibernate-core-7.4.1.Final.jar:7.4.1.Final]
	at org.hibernate.query.results.internal.ResultSetMappingImpl.resolve(ResultSetMappingImpl.java:205) ~[hibernate-core-7.4.1.Final.jar:7.4.1.Final]
	at org.hibernate.sql.exec.internal.JdbcSelectExecutorStandardImpl.resolveJdbcValues(JdbcSelectExecutorStandardImpl.java:409) ~[hibernate-core-7.4.1.Final.jar:7.4.1.Final]
	at org.hibernate.sql.exec.internal.JdbcSelectExecutorStandardImpl.resolveJdbcValuesSource(JdbcSelectExecutorStandardImpl.java:349) ~[hibernate-core-7.4.1.Final.jar:7.4.1.Final]
	at org.hibernate.sql.exec.internal.JdbcSelectExecutorStandardImpl.doExecuteQuery(JdbcSelectExecutorStandardImpl.java:143) ~[hibernate-core-7.4.1.Final.jar:7.4.1.Final]
	at org.hibernate.sql.exec.internal.JdbcSelectExecutorStandardImpl.executeQuery(JdbcSelectExecutorStandardImpl.java:100) ~[hibernate-core-7.4.1.Final.jar:7.4.1.Final]
	at org.hibernate.sql.exec.spi.JdbcSelectExecutor.executeQuery(JdbcSelectExecutor.java:63) ~[hibernate-core-7.4.1.Final.jar:7.4.1.Final]
	at org.hibernate.sql.exec.spi.JdbcSelectExecutor.list(JdbcSelectExecutor.java:137) ~[hibernate-core-7.4.1.Final.jar:7.4.1.Final]
	at org.hibernate.sql.exec.spi.JdbcSelectExecutor.list(JdbcSelectExecutor.java:114) ~[hibernate-core-7.4.1.Final.jar:7.4.1.Final]
	at org.hibernate.sql.exec.spi.JdbcSelectExecutor.list(JdbcSelectExecutor.java:104) ~[hibernate-core-7.4.1.Final.jar:7.4.1.Final]
	at org.hibernate.query.sql.internal.NativeSelectQueryPlanImpl.performList(NativeSelectQueryPlanImpl.java:138) ~[hibernate-core-7.4.1.Final.jar:7.4.1.Final]
	at org.hibernate.query.sql.internal.NativeQueryImpl.doList(NativeQueryImpl.java:756) ~[hibernate-core-7.4.1.Final.jar:7.4.1.Final]
	at org.hibernate.query.spi.AbstractSelectionQuery.list(AbstractSelectionQuery.java:153) ~[hibernate-core-7.4.1.Final.jar:7.4.1.Final]
	at org.hibernate.query.Query.getResultList(Query.java:121) ~[hibernate-core-7.4.1.Final.jar:7.4.1.Final]
	at org.springframework.data.jpa.repository.query.JpaQueryExecution$PagedExecution.doExecute(JpaQueryExecution.java:296) ~[spring-data-jpa-4.1.0.jar:4.1.0]
	at org.springframework.data.jpa.repository.query.JpaQueryExecution.execute(JpaQueryExecution.java:100) ~[spring-data-jpa-4.1.0.jar:4.1.0]
	at org.springframework.data.jpa.repository.query.AbstractJpaQuery.doExecute(AbstractJpaQuery.java:166) ~[spring-data-jpa-4.1.0.jar:4.1.0]
	at org.springframework.data.jpa.repository.query.AbstractJpaQuery.execute(AbstractJpaQuery.java:156) ~[spring-data-jpa-4.1.0.jar:4.1.0]
	at org.springframework.data.repository.core.support.RepositoryMethodInvoker.doInvoke(RepositoryMethodInvoker.java:169) ~[spring-data-commons-4.1.0.jar:4.1.0]
	at org.springframework.data.repository.core.support.RepositoryMethodInvoker.invoke(RepositoryMethodInvoker.java:158) ~[spring-data-commons-4.1.0.jar:4.1.0]
	at org.springframework.data.repository.core.support.QueryExecutorMethodInterceptor.doInvoke(QueryExecutorMethodInterceptor.java:167) ~[spring-data-commons-4.1.0.jar:4.1.0]
	at org.springframework.data.repository.core.support.QueryExecutorMethodInterceptor.invoke(QueryExecutorMethodInterceptor.java:146) ~[spring-data-commons-4.1.0.jar:4.1.0]
	at org.springframework.aop.framework.ReflectiveMethodInvocation.proceed(ReflectiveMethodInvocation.java:179) ~[spring-aop-7.0.8.jar:7.0.8]
	at org.springframework.data.projection.DefaultMethodInvokingMethodInterceptor.invoke(DefaultMethodInvokingMethodInterceptor.java:69) ~[spring-data-commons-4.1.0.jar:4.1.0]
	at org.springframework.aop.framework.ReflectiveMethodInvocation.proceed(ReflectiveMethodInvocation.java:179) ~[spring-aop-7.0.8.jar:7.0.8]
	at org.springframework.transaction.interceptor.TransactionInterceptor$1.proceedWithInvocation(TransactionInterceptor.java:133) ~[spring-tx-7.0.8.jar:7.0.8]
	at org.springframework.transaction.interceptor.TransactionAspectSupport.invokeWithinTransaction(TransactionAspectSupport.java:371) ~[spring-tx-7.0.8.jar:7.0.8]
	at org.springframework.transaction.interceptor.TransactionInterceptor.invoke(TransactionInterceptor.java:130) ~[spring-tx-7.0.8.jar:7.0.8]
	at org.springframework.aop.framework.ReflectiveMethodInvocation.proceed(ReflectiveMethodInvocation.java:179) ~[spring-aop-7.0.8.jar:7.0.8]
	at org.springframework.dao.support.PersistenceExceptionTranslationInterceptor.invoke(PersistenceExceptionTranslationInterceptor.java:135) ~[spring-tx-7.0.8.jar:7.0.8]
	... 55 common frames omitted

2026-08-04T18:53:36.729+05:30  INFO 5872 --- [bookstore] [SpringApplicationShutdownHook] o.s.boot.tomcat.GracefulShutdown         : Commencing graceful shutdown. Waiting for active requests to complete
2026-08-04T18:53:37.027+05:30  INFO 5872 --- [bookstore] [tomcat-shutdown] o.s.boot.tomcat.GracefulShutdown         : Graceful shutdown complete
2026-08-04T18:53:37.108+05:30  INFO 5872 --- [bookstore] [SpringApplicationShutdownHook] j.LocalContainerEntityManagerFactoryBean : Closing JPA EntityManagerFactory for persistence unit 'default'
2026-08-04T18:53:37.124+05:30  INFO 5872 --- [bookstore] [SpringApplicationShutdownHook] com.zaxxer.hikari.HikariDataSource       : HikariPool-1 - Shutdown initiated...
2026-08-04T18:53:37.132+05:30  INFO 5872 --- [bookstore] [SpringApplicationShutdownHook] com.zaxxer.hikari.HikariDataSource       : HikariPool-1 - Shutdown completed.
2026-08-04T18:53:42.826+05:30  INFO 13064 --- [bookstore] [main] com.tss.bookstore.BookstoreApplication   : Starting BookstoreApplication using Java 18.0.2.1 with PID 13064 (C:\prince\assignment1\bookstore\target\classes started by Prince.Kakadiya in C:\prince\assignment1\bookstore)
2026-08-04T18:53:42.831+05:30 DEBUG 13064 --- [bookstore] [main] com.tss.bookstore.BookstoreApplication   : Running with Spring Boot v4.1.0, Spring v7.0.8
2026-08-04T18:53:42.832+05:30  INFO 13064 --- [bookstore] [main] com.tss.bookstore.BookstoreApplication   : No active profile set, falling back to 1 default profile: "default"
2026-08-04T18:53:43.668+05:30  INFO 13064 --- [bookstore] [main] .s.d.r.c.RepositoryConfigurationDelegate : Bootstrapping Spring Data JPA repositories in DEFAULT mode.
2026-08-04T18:53:43.746+05:30  INFO 13064 --- [bookstore] [main] .s.d.r.c.RepositoryConfigurationDelegate : Finished Spring Data repository scanning in 69 ms. Found 9 JPA repository interfaces.
2026-08-04T18:53:44.407+05:30  INFO 13064 --- [bookstore] [main] o.s.boot.tomcat.TomcatWebServer          : Tomcat initialized with port 8080 (http)
2026-08-04T18:53:44.421+05:30  INFO 13064 --- [bookstore] [main] o.apache.catalina.core.StandardService   : Starting service [Tomcat]
2026-08-04T18:53:44.421+05:30  INFO 13064 --- [bookstore] [main] o.apache.catalina.core.StandardEngine    : Starting Servlet engine: [Apache Tomcat/11.0.22]
2026-08-04T18:53:44.491+05:30  INFO 13064 --- [bookstore] [main] b.w.c.s.WebApplicationContextInitializer : Root WebApplicationContext: initialization completed in 1590 ms
2026-08-04T18:53:44.661+05:30  INFO 13064 --- [bookstore] [main] org.hibernate.orm.jpa                    : HHH008540: Processing PersistenceUnitInfo [name: default]
2026-08-04T18:53:44.731+05:30  INFO 13064 --- [bookstore] [main] org.hibernate.orm.core                   : HHH000001: Hibernate ORM core version 7.4.1.Final
2026-08-04T18:53:45.487+05:30  INFO 13064 --- [bookstore] [main] o.s.o.j.p.SpringPersistenceUnitInfo      : No LoadTimeWeaver setup: ignoring JPA class transformer
2026-08-04T18:53:45.520+05:30  INFO 13064 --- [bookstore] [main] com.zaxxer.hikari.HikariDataSource       : HikariPool-1 - Starting...
2026-08-04T18:53:45.741+05:30  INFO 13064 --- [bookstore] [main] com.zaxxer.hikari.pool.HikariPool        : HikariPool-1 - Added connection org.postgresql.jdbc.PgConnection@7c31e410
2026-08-04T18:53:45.742+05:30  INFO 13064 --- [bookstore] [main] com.zaxxer.hikari.HikariDataSource       : HikariPool-1 - Start completed.
2026-08-04T18:53:45.820+05:30  INFO 13064 --- [bookstore] [main] org.hibernate.orm.connections.pooling    : HHH10001005: Database info:
	Database JDBC URL [jdbc:postgresql://localhost:5432/bookstore_db]
	Database driver: PostgreSQL JDBC Driver
	Database dialect: PostgreSQLDialect
	Database version: 18.4
	Default catalog/schema: bookstore_db/public
	Autocommit mode: undefined/unknown
	Isolation level: READ_COMMITTED [default READ_COMMITTED]
	JDBC fetch size: none
	Pool: DataSourceConnectionProvider
	Minimum pool size: undefined/unknown
	Maximum pool size: undefined/unknown
2026-08-04T18:53:47.362+05:30  INFO 13064 --- [bookstore] [main] org.hibernate.orm.core                   : HHH000489: No JTA platform available (set 'hibernate.transaction.jta.platform' to enable JTA platform integration)
2026-08-04T18:53:47.471+05:30  INFO 13064 --- [bookstore] [main] j.LocalContainerEntityManagerFactoryBean : Initialized JPA EntityManagerFactory for persistence unit 'default'
2026-08-04T18:53:47.535+05:30  INFO 13064 --- [bookstore] [main] o.s.d.j.r.query.QueryEnhancerFactories   : Hibernate is in classpath; If applicable, HQL parser will be used.
2026-08-04T18:53:48.481+05:30  WARN 13064 --- [bookstore] [main] JpaBaseConfiguration$JpaWebConfiguration : spring.jpa.open-in-view is enabled by default. Therefore, database queries may be performed during view rendering. Explicitly configure spring.jpa.open-in-view to disable this warning
2026-08-04T18:53:48.800+05:30  INFO 13064 --- [bookstore] [main] o.s.boot.tomcat.TomcatWebServer          : Tomcat started on port 8080 (http) with context path '/'
2026-08-04T18:53:48.805+05:30  INFO 13064 --- [bookstore] [main] com.tss.bookstore.BookstoreApplication   : Started BookstoreApplication in 6.505 seconds (process running for 7.078)
2026-08-04T18:53:52.940+05:30  INFO 13064 --- [bookstore] [http-nio-8080-exec-8] o.a.c.c.C.[Tomcat].[localhost].[/]       : Initializing Spring DispatcherServlet 'dispatcherServlet'
2026-08-04T18:53:52.942+05:30  INFO 13064 --- [bookstore] [http-nio-8080-exec-8] o.s.web.servlet.DispatcherServlet        : Initializing Servlet 'dispatcherServlet'
2026-08-04T18:53:52.943+05:30  INFO 13064 --- [bookstore] [http-nio-8080-exec-8] o.s.web.servlet.DispatcherServlet        : Completed initialization in 1 ms
2026-08-04T18:53:53.028+05:30 DEBUG 13064 --- [bookstore] [http-nio-8080-exec-8] c.tss.bookstore.service.BookServiceImpl  : Fetching books. page=0, size=10
2026-08-04T18:59:46.695+05:30  INFO 13064 --- [bookstore] [SpringApplicationShutdownHook] o.s.boot.tomcat.GracefulShutdown         : Commencing graceful shutdown. Waiting for active requests to complete
2026-08-04T18:59:47.264+05:30  INFO 13064 --- [bookstore] [tomcat-shutdown] o.s.boot.tomcat.GracefulShutdown         : Graceful shutdown complete
2026-08-04T18:59:47.275+05:30  INFO 13064 --- [bookstore] [SpringApplicationShutdownHook] j.LocalContainerEntityManagerFactoryBean : Closing JPA EntityManagerFactory for persistence unit 'default'
2026-08-04T18:59:47.287+05:30  INFO 13064 --- [bookstore] [SpringApplicationShutdownHook] com.zaxxer.hikari.HikariDataSource       : HikariPool-1 - Shutdown initiated...
2026-08-04T18:59:47.295+05:30  INFO 13064 --- [bookstore] [SpringApplicationShutdownHook] com.zaxxer.hikari.HikariDataSource       : HikariPool-1 - Shutdown completed.
2026-08-04T18:59:53.414+05:30  INFO 10056 --- [bookstore] [main] com.tss.bookstore.BookstoreApplication   : Starting BookstoreApplication using Java 18.0.2.1 with PID 10056 (C:\prince\assignment1\bookstore\target\classes started by Prince.Kakadiya in C:\prince\assignment1\bookstore)
2026-08-04T18:59:53.418+05:30 DEBUG 10056 --- [bookstore] [main] com.tss.bookstore.BookstoreApplication   : Running with Spring Boot v4.1.0, Spring v7.0.8
2026-08-04T18:59:53.420+05:30  INFO 10056 --- [bookstore] [main] com.tss.bookstore.BookstoreApplication   : No active profile set, falling back to 1 default profile: "default"
2026-08-04T18:59:54.306+05:30  INFO 10056 --- [bookstore] [main] .s.d.r.c.RepositoryConfigurationDelegate : Bootstrapping Spring Data JPA repositories in DEFAULT mode.
2026-08-04T18:59:54.386+05:30  INFO 10056 --- [bookstore] [main] .s.d.r.c.RepositoryConfigurationDelegate : Finished Spring Data repository scanning in 71 ms. Found 9 JPA repository interfaces.
2026-08-04T18:59:54.855+05:30  INFO 10056 --- [bookstore] [main] o.s.boot.tomcat.TomcatWebServer          : Tomcat initialized with port 8080 (http)
2026-08-04T18:59:54.869+05:30  INFO 10056 --- [bookstore] [main] o.apache.catalina.core.StandardService   : Starting service [Tomcat]
2026-08-04T18:59:54.870+05:30  INFO 10056 --- [bookstore] [main] o.apache.catalina.core.StandardEngine    : Starting Servlet engine: [Apache Tomcat/11.0.22]
2026-08-04T18:59:54.945+05:30  INFO 10056 --- [bookstore] [main] b.w.c.s.WebApplicationContextInitializer : Root WebApplicationContext: initialization completed in 1434 ms
2026-08-04T18:59:55.108+05:30  INFO 10056 --- [bookstore] [main] org.hibernate.orm.jpa                    : HHH008540: Processing PersistenceUnitInfo [name: default]
2026-08-04T18:59:55.181+05:30  INFO 10056 --- [bookstore] [main] org.hibernate.orm.core                   : HHH000001: Hibernate ORM core version 7.4.1.Final
2026-08-04T18:59:55.653+05:30  INFO 10056 --- [bookstore] [main] o.s.o.j.p.SpringPersistenceUnitInfo      : No LoadTimeWeaver setup: ignoring JPA class transformer
2026-08-04T18:59:55.687+05:30  INFO 10056 --- [bookstore] [main] com.zaxxer.hikari.HikariDataSource       : HikariPool-1 - Starting...
2026-08-04T18:59:55.951+05:30  INFO 10056 --- [bookstore] [main] com.zaxxer.hikari.pool.HikariPool        : HikariPool-1 - Added connection org.postgresql.jdbc.PgConnection@57b63253
2026-08-04T18:59:55.952+05:30  INFO 10056 --- [bookstore] [main] com.zaxxer.hikari.HikariDataSource       : HikariPool-1 - Start completed.
2026-08-04T18:59:56.030+05:30  INFO 10056 --- [bookstore] [main] org.hibernate.orm.connections.pooling    : HHH10001005: Database info:
	Database JDBC URL [jdbc:postgresql://localhost:5432/bookstore_db]
	Database driver: PostgreSQL JDBC Driver
	Database dialect: PostgreSQLDialect
	Database version: 18.4
	Default catalog/schema: bookstore_db/public
	Autocommit mode: undefined/unknown
	Isolation level: READ_COMMITTED [default READ_COMMITTED]
	JDBC fetch size: none
	Pool: DataSourceConnectionProvider
	Minimum pool size: undefined/unknown
	Maximum pool size: undefined/unknown
2026-08-04T18:59:57.634+05:30  INFO 10056 --- [bookstore] [main] org.hibernate.orm.core                   : HHH000489: No JTA platform available (set 'hibernate.transaction.jta.platform' to enable JTA platform integration)
2026-08-04T18:59:57.744+05:30  INFO 10056 --- [bookstore] [main] j.LocalContainerEntityManagerFactoryBean : Initialized JPA EntityManagerFactory for persistence unit 'default'
2026-08-04T18:59:57.811+05:30  INFO 10056 --- [bookstore] [main] o.s.d.j.r.query.QueryEnhancerFactories   : Hibernate is in classpath; If applicable, HQL parser will be used.
2026-08-04T18:59:59.036+05:30  WARN 10056 --- [bookstore] [main] JpaBaseConfiguration$JpaWebConfiguration : spring.jpa.open-in-view is enabled by default. Therefore, database queries may be performed during view rendering. Explicitly configure spring.jpa.open-in-view to disable this warning
2026-08-04T18:59:59.390+05:30  INFO 10056 --- [bookstore] [main] o.s.boot.tomcat.TomcatWebServer          : Tomcat started on port 8080 (http) with context path '/'
2026-08-04T18:59:59.394+05:30  INFO 10056 --- [bookstore] [main] com.tss.bookstore.BookstoreApplication   : Started BookstoreApplication in 6.591 seconds (process running for 7.256)
2026-08-04T19:00:05.244+05:30  INFO 10056 --- [bookstore] [http-nio-8080-exec-2] o.a.c.c.C.[Tomcat].[localhost].[/]       : Initializing Spring DispatcherServlet 'dispatcherServlet'
2026-08-04T19:00:05.245+05:30  INFO 10056 --- [bookstore] [http-nio-8080-exec-2] o.s.web.servlet.DispatcherServlet        : Initializing Servlet 'dispatcherServlet'
2026-08-04T19:00:05.246+05:30  INFO 10056 --- [bookstore] [http-nio-8080-exec-2] o.s.web.servlet.DispatcherServlet        : Completed initialization in 1 ms
2026-08-04T19:00:05.303+05:30 DEBUG 10056 --- [bookstore] [http-nio-8080-exec-2] c.tss.bookstore.service.BookServiceImpl  : Fetching books. page=0, size=10
2026-08-04T19:00:05.381+05:30  WARN 10056 --- [bookstore] [http-nio-8080-exec-2] org.hibernate.orm.jdbc.error             : HHH000247: ErrorCode: 0, SQLState: 42P01
2026-08-04T19:00:05.381+05:30  WARN 10056 --- [bookstore] [http-nio-8080-exec-2] org.hibernate.orm.jdbc.error             : ERROR: missing FROM-clause entry for table "p"
  Position: 176
2026-08-04T19:00:05.396+05:30 ERROR 10056 --- [bookstore] [http-nio-8080-exec-2] c.t.b.exception.GlobalExceptionHandler   : Unexpected error occurred: JDBC exception executing SQL [ERROR: missing FROM-clause entry for table "p"
  Position: 176] [SELECT
    b.book_id AS bookId,
    b.title AS title,
    b.price AS price,
    b.isbn AS ISBN,
    b.stock AS stock,
    STRING_AGG(DISTINCT a.name, ',') AS authorNames,
    p.name AS publisherName,
    c.name AS categoryName
FROM book b
LEFT JOIN category c
    ON b.category_id = c.category_id
LEFT JOIN book_author ba
    ON b.book_id = ba.book_id
LEFT JOIN author a
    ON ba.author_id = a.author_id
WHERE
    (? IS NULL OR b.title ILIKE '%' || ? || '%')
    AND (? IS NULL OR c.category_id = ?)
    AND (? IS NULL OR c.name ILIKE '%' || ? || '%')
    AND (? IS NULL OR a.author_id = ?)
    AND (? IS NULL OR a.name ILIKE '%' || ? || '%')
    AND (? IS NULL OR b.price >= ?)
    AND (? IS NULL OR b.price <= ?)
    AND (? IS NULL OR
         (? = true AND b.stock > 0)
         OR (? = false AND b.stock = 0)) fetch first ? rows only
]; SQL [SELECT
    b.book_id AS bookId,
    b.title AS title,
    b.price AS price,
    b.isbn AS ISBN,
    b.stock AS stock,
    STRING_AGG(DISTINCT a.name, ',') AS authorNames,
    p.name AS publisherName,
    c.name AS categoryName
FROM book b
LEFT JOIN category c
    ON b.category_id = c.category_id
LEFT JOIN book_author ba
    ON b.book_id = ba.book_id
LEFT JOIN author a
    ON ba.author_id = a.author_id
WHERE
    (? IS NULL OR b.title ILIKE '%' || ? || '%')
    AND (? IS NULL OR c.category_id = ?)
    AND (? IS NULL OR c.name ILIKE '%' || ? || '%')
    AND (? IS NULL OR a.author_id = ?)
    AND (? IS NULL OR a.name ILIKE '%' || ? || '%')
    AND (? IS NULL OR b.price >= ?)
    AND (? IS NULL OR b.price <= ?)
    AND (? IS NULL OR
         (? = true AND b.stock > 0)
         OR (? = false AND b.stock = 0)) fetch first ? rows only
]

org.springframework.dao.InvalidDataAccessResourceUsageException: JDBC exception executing SQL [ERROR: missing FROM-clause entry for table "p"
  Position: 176] [SELECT
    b.book_id AS bookId,
    b.title AS title,
    b.price AS price,
    b.isbn AS ISBN,
    b.stock AS stock,
    STRING_AGG(DISTINCT a.name, ',') AS authorNames,
    p.name AS publisherName,
    c.name AS categoryName
FROM book b
LEFT JOIN category c
    ON b.category_id = c.category_id
LEFT JOIN book_author ba
    ON b.book_id = ba.book_id
LEFT JOIN author a
    ON ba.author_id = a.author_id
WHERE
    (? IS NULL OR b.title ILIKE '%' || ? || '%')
    AND (? IS NULL OR c.category_id = ?)
    AND (? IS NULL OR c.name ILIKE '%' || ? || '%')
    AND (? IS NULL OR a.author_id = ?)
    AND (? IS NULL OR a.name ILIKE '%' || ? || '%')
    AND (? IS NULL OR b.price >= ?)
    AND (? IS NULL OR b.price <= ?)
    AND (? IS NULL OR
         (? = true AND b.stock > 0)
         OR (? = false AND b.stock = 0)) fetch first ? rows only
]; SQL [SELECT
    b.book_id AS bookId,
    b.title AS title,
    b.price AS price,
    b.isbn AS ISBN,
    b.stock AS stock,
    STRING_AGG(DISTINCT a.name, ',') AS authorNames,
    p.name AS publisherName,
    c.name AS categoryName
FROM book b
LEFT JOIN category c
    ON b.category_id = c.category_id
LEFT JOIN book_author ba
    ON b.book_id = ba.book_id
LEFT JOIN author a
    ON ba.author_id = a.author_id
WHERE
    (? IS NULL OR b.title ILIKE '%' || ? || '%')
    AND (? IS NULL OR c.category_id = ?)
    AND (? IS NULL OR c.name ILIKE '%' || ? || '%')
    AND (? IS NULL OR a.author_id = ?)
    AND (? IS NULL OR a.name ILIKE '%' || ? || '%')
    AND (? IS NULL OR b.price >= ?)
    AND (? IS NULL OR b.price <= ?)
    AND (? IS NULL OR
         (? = true AND b.stock > 0)
         OR (? = false AND b.stock = 0)) fetch first ? rows only
]
	at org.springframework.orm.jpa.hibernate.HibernateExceptionTranslator.convertHibernateAccessException(HibernateExceptionTranslator.java:156) ~[spring-orm-7.0.8.jar:7.0.8]
	at org.springframework.orm.jpa.hibernate.HibernateExceptionTranslator.convertHibernateAccessException(HibernateExceptionTranslator.java:131) ~[spring-orm-7.0.8.jar:7.0.8]
	at org.springframework.orm.jpa.hibernate.HibernateExceptionTranslator.translateExceptionIfPossible(HibernateExceptionTranslator.java:105) ~[spring-orm-7.0.8.jar:7.0.8]
	at org.springframework.orm.jpa.vendor.HibernateJpaDialect.translateExceptionIfPossible(HibernateJpaDialect.java:223) ~[spring-orm-7.0.8.jar:7.0.8]
	at org.springframework.orm.jpa.AbstractEntityManagerFactoryBean.translateExceptionIfPossible(AbstractEntityManagerFactoryBean.java:577) ~[spring-orm-7.0.8.jar:7.0.8]
	at org.springframework.dao.support.ChainedPersistenceExceptionTranslator.translateExceptionIfPossible(ChainedPersistenceExceptionTranslator.java:61) ~[spring-tx-7.0.8.jar:7.0.8]
	at org.springframework.dao.support.DataAccessUtils.translateIfNecessary(DataAccessUtils.java:346) ~[spring-tx-7.0.8.jar:7.0.8]
	at org.springframework.dao.support.PersistenceExceptionTranslationInterceptor.invoke(PersistenceExceptionTranslationInterceptor.java:157) ~[spring-tx-7.0.8.jar:7.0.8]
	at org.springframework.aop.framework.ReflectiveMethodInvocation.proceed(ReflectiveMethodInvocation.java:179) ~[spring-aop-7.0.8.jar:7.0.8]
	at org.springframework.data.jpa.repository.support.CrudMethodMetadataPostProcessor$CrudMethodMetadataPopulatingMethodInterceptor.invoke(CrudMethodMetadataPostProcessor.java:137) ~[spring-data-jpa-4.1.0.jar:4.1.0]
	at org.springframework.aop.framework.ReflectiveMethodInvocation.proceed(ReflectiveMethodInvocation.java:179) ~[spring-aop-7.0.8.jar:7.0.8]
	at org.springframework.aop.framework.JdkDynamicAopProxy.invoke(JdkDynamicAopProxy.java:222) ~[spring-aop-7.0.8.jar:7.0.8]
	at jdk.proxy2/jdk.proxy2.$Proxy142.searchBooks(Unknown Source) ~[na:na]
	at com.tss.bookstore.service.BookServiceImpl.getAllBooks(BookServiceImpl.java:139) ~[classes/:na]
	at java.base/jdk.internal.reflect.DirectMethodHandleAccessor.invoke(DirectMethodHandleAccessor.java:104) ~[na:na]
	at java.base/java.lang.reflect.Method.invoke(Method.java:577) ~[na:na]
	at org.springframework.aop.support.AopUtils.invokeJoinpointUsingReflection(AopUtils.java:359) ~[spring-aop-7.0.8.jar:7.0.8]
	at org.springframework.aop.framework.CglibAopProxy$DynamicAdvisedInterceptor.intercept(CglibAopProxy.java:715) ~[spring-aop-7.0.8.jar:7.0.8]
	at com.tss.bookstore.service.BookServiceImpl$$SpringCGLIB$$0.getAllBooks(<generated>) ~[classes/:na]
	at com.tss.bookstore.controller.BookController.getAllBooks(BookController.java:53) ~[classes/:na]
	at java.base/jdk.internal.reflect.DirectMethodHandleAccessor.invoke(DirectMethodHandleAccessor.java:104) ~[na:na]
	at java.base/java.lang.reflect.Method.invoke(Method.java:577) ~[na:na]
	at org.springframework.web.method.support.InvocableHandlerMethod.doInvoke(InvocableHandlerMethod.java:252) ~[spring-web-7.0.8.jar:7.0.8]
	at org.springframework.web.method.support.InvocableHandlerMethod.invokeForRequest(InvocableHandlerMethod.java:184) ~[spring-web-7.0.8.jar:7.0.8]
	at org.springframework.web.servlet.mvc.method.annotation.ServletInvocableHandlerMethod.invokeAndHandle(ServletInvocableHandlerMethod.java:117) ~[spring-webmvc-7.0.8.jar:7.0.8]
	at org.springframework.web.servlet.mvc.method.annotation.RequestMappingHandlerAdapter.invokeHandlerMethod(RequestMappingHandlerAdapter.java:934) ~[spring-webmvc-7.0.8.jar:7.0.8]
	at org.springframework.web.servlet.mvc.method.annotation.RequestMappingHandlerAdapter.handleInternal(RequestMappingHandlerAdapter.java:853) ~[spring-webmvc-7.0.8.jar:7.0.8]
	at org.springframework.web.servlet.mvc.method.AbstractHandlerMethodAdapter.handle(AbstractHandlerMethodAdapter.java:86) ~[spring-webmvc-7.0.8.jar:7.0.8]
	at org.springframework.web.servlet.DispatcherServlet.doDispatch(DispatcherServlet.java:963) ~[spring-webmvc-7.0.8.jar:7.0.8]
	at org.springframework.web.servlet.DispatcherServlet.doService(DispatcherServlet.java:866) ~[spring-webmvc-7.0.8.jar:7.0.8]
	at org.springframework.web.servlet.FrameworkServlet.processRequest(FrameworkServlet.java:1000) ~[spring-webmvc-7.0.8.jar:7.0.8]
	at org.springframework.web.servlet.FrameworkServlet.doGet(FrameworkServlet.java:892) ~[spring-webmvc-7.0.8.jar:7.0.8]
	at jakarta.servlet.http.HttpServlet.service(HttpServlet.java:622) ~[tomcat-embed-core-11.0.22.jar:6.1]
	at org.springframework.web.servlet.FrameworkServlet.service(FrameworkServlet.java:874) ~[spring-webmvc-7.0.8.jar:7.0.8]
	at jakarta.servlet.http.HttpServlet.service(HttpServlet.java:710) ~[tomcat-embed-core-11.0.22.jar:6.1]
	at org.apache.catalina.core.ApplicationFilterChain.doFilter(ApplicationFilterChain.java:128) ~[tomcat-embed-core-11.0.22.jar:11.0.22]
	at org.apache.tomcat.websocket.server.WsFilter.doFilter(WsFilter.java:53) ~[tomcat-embed-websocket-11.0.22.jar:11.0.22]
	at org.apache.catalina.core.ApplicationFilterChain.doFilter(ApplicationFilterChain.java:107) ~[tomcat-embed-core-11.0.22.jar:11.0.22]
	at org.springframework.web.filter.RequestContextFilter.doFilterInternal(RequestContextFilter.java:100) ~[spring-web-7.0.8.jar:7.0.8]
	at org.springframework.web.filter.OncePerRequestFilter.doFilter(OncePerRequestFilter.java:116) ~[spring-web-7.0.8.jar:7.0.8]
	at org.apache.catalina.core.ApplicationFilterChain.doFilter(ApplicationFilterChain.java:107) ~[tomcat-embed-core-11.0.22.jar:11.0.22]
	at org.springframework.web.filter.FormContentFilter.doFilterInternal(FormContentFilter.java:93) ~[spring-web-7.0.8.jar:7.0.8]
	at org.springframework.web.filter.OncePerRequestFilter.doFilter(OncePerRequestFilter.java:116) ~[spring-web-7.0.8.jar:7.0.8]
	at org.apache.catalina.core.ApplicationFilterChain.doFilter(ApplicationFilterChain.java:107) ~[tomcat-embed-core-11.0.22.jar:11.0.22]
	at org.springframework.web.filter.CharacterEncodingFilter.doFilterInternal(CharacterEncodingFilter.java:199) ~[spring-web-7.0.8.jar:7.0.8]
	at org.springframework.web.filter.OncePerRequestFilter.doFilter(OncePerRequestFilter.java:116) ~[spring-web-7.0.8.jar:7.0.8]
	at org.apache.catalina.core.ApplicationFilterChain.doFilter(ApplicationFilterChain.java:107) ~[tomcat-embed-core-11.0.22.jar:11.0.22]
	at org.apache.catalina.core.StandardWrapperValve.invoke(StandardWrapperValve.java:165) ~[tomcat-embed-core-11.0.22.jar:11.0.22]
	at org.apache.catalina.core.StandardContextValve.invoke(StandardContextValve.java:77) ~[tomcat-embed-core-11.0.22.jar:11.0.22]
	at org.apache.catalina.authenticator.AuthenticatorBase.invoke(AuthenticatorBase.java:492) ~[tomcat-embed-core-11.0.22.jar:11.0.22]
	at org.apache.catalina.core.StandardHostValve.invoke(StandardHostValve.java:113) ~[tomcat-embed-core-11.0.22.jar:11.0.22]
	at org.apache.catalina.valves.ErrorReportValve.invoke(ErrorReportValve.java:83) ~[tomcat-embed-core-11.0.22.jar:11.0.22]
	at org.apache.catalina.core.StandardEngineValve.invoke(StandardEngineValve.java:72) ~[tomcat-embed-core-11.0.22.jar:11.0.22]
	at org.apache.catalina.connector.CoyoteAdapter.service(CoyoteAdapter.java:341) ~[tomcat-embed-core-11.0.22.jar:11.0.22]
	at org.apache.coyote.http11.Http11Processor.service(Http11Processor.java:397) ~[tomcat-embed-core-11.0.22.jar:11.0.22]
	at org.apache.coyote.AbstractProcessorLight.process(AbstractProcessorLight.java:63) ~[tomcat-embed-core-11.0.22.jar:11.0.22]
	at org.apache.coyote.AbstractProtocol$ConnectionHandler.process(AbstractProtocol.java:1272) ~[tomcat-embed-core-11.0.22.jar:11.0.22]
	at org.apache.tomcat.util.net.NioEndpoint$SocketProcessor.doRun(NioEndpoint.java:1801) ~[tomcat-embed-core-11.0.22.jar:11.0.22]
	at org.apache.tomcat.util.net.SocketProcessorBase.run(SocketProcessorBase.java:52) ~[tomcat-embed-core-11.0.22.jar:11.0.22]
	at org.apache.tomcat.util.threads.ThreadPoolExecutor.runWorker(ThreadPoolExecutor.java:946) ~[tomcat-embed-core-11.0.22.jar:11.0.22]
	at org.apache.tomcat.util.threads.ThreadPoolExecutor$Worker.run(ThreadPoolExecutor.java:480) ~[tomcat-embed-core-11.0.22.jar:11.0.22]
	at org.apache.tomcat.util.threads.TaskThread$WrappingRunnable.run(TaskThread.java:57) ~[tomcat-embed-core-11.0.22.jar:11.0.22]
	at java.base/java.lang.Thread.run(Thread.java:833) ~[na:na]
Caused by: org.hibernate.exception.SQLGrammarException: JDBC exception executing SQL [ERROR: missing FROM-clause entry for table "p"
  Position: 176] [SELECT
    b.book_id AS bookId,
    b.title AS title,
    b.price AS price,
    b.isbn AS ISBN,
    b.stock AS stock,
    STRING_AGG(DISTINCT a.name, ',') AS authorNames,
    p.name AS publisherName,
    c.name AS categoryName
FROM book b
LEFT JOIN category c
    ON b.category_id = c.category_id
LEFT JOIN book_author ba
    ON b.book_id = ba.book_id
LEFT JOIN author a
    ON ba.author_id = a.author_id
WHERE
    (? IS NULL OR b.title ILIKE '%' || ? || '%')
    AND (? IS NULL OR c.category_id = ?)
    AND (? IS NULL OR c.name ILIKE '%' || ? || '%')
    AND (? IS NULL OR a.author_id = ?)
    AND (? IS NULL OR a.name ILIKE '%' || ? || '%')
    AND (? IS NULL OR b.price >= ?)
    AND (? IS NULL OR b.price <= ?)
    AND (? IS NULL OR
         (? = true AND b.stock > 0)
         OR (? = false AND b.stock = 0)) fetch first ? rows only
]
	at org.hibernate.exception.internal.SQLStateConversionDelegate.convert(SQLStateConversionDelegate.java:63) ~[hibernate-core-7.4.1.Final.jar:7.4.1.Final]
	at org.hibernate.exception.internal.StandardSQLExceptionConverter.convert(StandardSQLExceptionConverter.java:34) ~[hibernate-core-7.4.1.Final.jar:7.4.1.Final]
	at org.hibernate.engine.jdbc.spi.SqlExceptionHelper.convert(SqlExceptionHelper.java:115) ~[hibernate-core-7.4.1.Final.jar:7.4.1.Final]
	at org.hibernate.sql.results.jdbc.internal.DeferredResultSetAccess.executeQuery(DeferredResultSetAccess.java:292) ~[hibernate-core-7.4.1.Final.jar:7.4.1.Final]
	at org.hibernate.sql.results.jdbc.internal.DeferredResultSetAccess.getResultSet(DeferredResultSetAccess.java:188) ~[hibernate-core-7.4.1.Final.jar:7.4.1.Final]
	at org.hibernate.sql.results.jdbc.internal.AbstractResultSetAccess.getResultSetMetaData(AbstractResultSetAccess.java:52) ~[hibernate-core-7.4.1.Final.jar:7.4.1.Final]
	at org.hibernate.sql.results.jdbc.internal.AbstractResultSetAccess.getColumnCount(AbstractResultSetAccess.java:66) ~[hibernate-core-7.4.1.Final.jar:7.4.1.Final]
	at org.hibernate.query.results.internal.ResultSetMappingImpl.resolve(ResultSetMappingImpl.java:183) ~[hibernate-core-7.4.1.Final.jar:7.4.1.Final]
	at org.hibernate.sql.exec.internal.JdbcSelectExecutorStandardImpl.resolveJdbcValues(JdbcSelectExecutorStandardImpl.java:409) ~[hibernate-core-7.4.1.Final.jar:7.4.1.Final]
	at org.hibernate.sql.exec.internal.JdbcSelectExecutorStandardImpl.resolveJdbcValuesSource(JdbcSelectExecutorStandardImpl.java:349) ~[hibernate-core-7.4.1.Final.jar:7.4.1.Final]
	at org.hibernate.sql.exec.internal.JdbcSelectExecutorStandardImpl.doExecuteQuery(JdbcSelectExecutorStandardImpl.java:143) ~[hibernate-core-7.4.1.Final.jar:7.4.1.Final]
	at org.hibernate.sql.exec.internal.JdbcSelectExecutorStandardImpl.executeQuery(JdbcSelectExecutorStandardImpl.java:100) ~[hibernate-core-7.4.1.Final.jar:7.4.1.Final]
	at org.hibernate.sql.exec.spi.JdbcSelectExecutor.executeQuery(JdbcSelectExecutor.java:63) ~[hibernate-core-7.4.1.Final.jar:7.4.1.Final]
	at org.hibernate.sql.exec.spi.JdbcSelectExecutor.list(JdbcSelectExecutor.java:137) ~[hibernate-core-7.4.1.Final.jar:7.4.1.Final]
	at org.hibernate.sql.exec.spi.JdbcSelectExecutor.list(JdbcSelectExecutor.java:114) ~[hibernate-core-7.4.1.Final.jar:7.4.1.Final]
	at org.hibernate.sql.exec.spi.JdbcSelectExecutor.list(JdbcSelectExecutor.java:104) ~[hibernate-core-7.4.1.Final.jar:7.4.1.Final]
	at org.hibernate.query.sql.internal.NativeSelectQueryPlanImpl.performList(NativeSelectQueryPlanImpl.java:138) ~[hibernate-core-7.4.1.Final.jar:7.4.1.Final]
	at org.hibernate.query.sql.internal.NativeQueryImpl.doList(NativeQueryImpl.java:756) ~[hibernate-core-7.4.1.Final.jar:7.4.1.Final]
	at org.hibernate.query.spi.AbstractSelectionQuery.list(AbstractSelectionQuery.java:153) ~[hibernate-core-7.4.1.Final.jar:7.4.1.Final]
	at org.hibernate.query.Query.getResultList(Query.java:121) ~[hibernate-core-7.4.1.Final.jar:7.4.1.Final]
	at org.springframework.data.jpa.repository.query.JpaQueryExecution$PagedExecution.doExecute(JpaQueryExecution.java:296) ~[spring-data-jpa-4.1.0.jar:4.1.0]
	at org.springframework.data.jpa.repository.query.JpaQueryExecution.execute(JpaQueryExecution.java:100) ~[spring-data-jpa-4.1.0.jar:4.1.0]
	at org.springframework.data.jpa.repository.query.AbstractJpaQuery.doExecute(AbstractJpaQuery.java:166) ~[spring-data-jpa-4.1.0.jar:4.1.0]
	at org.springframework.data.jpa.repository.query.AbstractJpaQuery.execute(AbstractJpaQuery.java:156) ~[spring-data-jpa-4.1.0.jar:4.1.0]
	at org.springframework.data.repository.core.support.RepositoryMethodInvoker.doInvoke(RepositoryMethodInvoker.java:169) ~[spring-data-commons-4.1.0.jar:4.1.0]
	at org.springframework.data.repository.core.support.RepositoryMethodInvoker.invoke(RepositoryMethodInvoker.java:158) ~[spring-data-commons-4.1.0.jar:4.1.0]
	at org.springframework.data.repository.core.support.QueryExecutorMethodInterceptor.doInvoke(QueryExecutorMethodInterceptor.java:167) ~[spring-data-commons-4.1.0.jar:4.1.0]
	at org.springframework.data.repository.core.support.QueryExecutorMethodInterceptor.invoke(QueryExecutorMethodInterceptor.java:146) ~[spring-data-commons-4.1.0.jar:4.1.0]
	at org.springframework.aop.framework.ReflectiveMethodInvocation.proceed(ReflectiveMethodInvocation.java:179) ~[spring-aop-7.0.8.jar:7.0.8]
	at org.springframework.data.projection.DefaultMethodInvokingMethodInterceptor.invoke(DefaultMethodInvokingMethodInterceptor.java:69) ~[spring-data-commons-4.1.0.jar:4.1.0]
	at org.springframework.aop.framework.ReflectiveMethodInvocation.proceed(ReflectiveMethodInvocation.java:179) ~[spring-aop-7.0.8.jar:7.0.8]
	at org.springframework.transaction.interceptor.TransactionInterceptor$1.proceedWithInvocation(TransactionInterceptor.java:133) ~[spring-tx-7.0.8.jar:7.0.8]
	at org.springframework.transaction.interceptor.TransactionAspectSupport.invokeWithinTransaction(TransactionAspectSupport.java:371) ~[spring-tx-7.0.8.jar:7.0.8]
	at org.springframework.transaction.interceptor.TransactionInterceptor.invoke(TransactionInterceptor.java:130) ~[spring-tx-7.0.8.jar:7.0.8]
	at org.springframework.aop.framework.ReflectiveMethodInvocation.proceed(ReflectiveMethodInvocation.java:179) ~[spring-aop-7.0.8.jar:7.0.8]
	at org.springframework.dao.support.PersistenceExceptionTranslationInterceptor.invoke(PersistenceExceptionTranslationInterceptor.java:135) ~[spring-tx-7.0.8.jar:7.0.8]
	... 55 common frames omitted
Caused by: org.postgresql.util.PSQLException: ERROR: missing FROM-clause entry for table "p"
  Position: 176
	at org.postgresql.core.v3.QueryExecutorImpl.receiveErrorResponse(QueryExecutorImpl.java:2904) ~[postgresql-42.7.11.jar:42.7.11]
	at org.postgresql.core.v3.QueryExecutorImpl.processResults(QueryExecutorImpl.java:2589) ~[postgresql-42.7.11.jar:42.7.11]
	at org.postgresql.core.v3.QueryExecutorImpl.execute(QueryExecutorImpl.java:431) ~[postgresql-42.7.11.jar:42.7.11]
	at org.postgresql.jdbc.PgStatement.executeInternal(PgStatement.java:534) ~[postgresql-42.7.11.jar:42.7.11]
	at org.postgresql.jdbc.PgStatement.execute(PgStatement.java:437) ~[postgresql-42.7.11.jar:42.7.11]
	at org.postgresql.jdbc.PgPreparedStatement.executeWithFlags(PgPreparedStatement.java:196) ~[postgresql-42.7.11.jar:42.7.11]
	at org.postgresql.jdbc.PgPreparedStatement.executeQuery(PgPreparedStatement.java:139) ~[postgresql-42.7.11.jar:42.7.11]
	at com.zaxxer.hikari.pool.ProxyPreparedStatement.executeQuery(ProxyPreparedStatement.java:52) ~[HikariCP-7.0.2.jar:na]
	at com.zaxxer.hikari.pool.HikariProxyPreparedStatement.executeQuery(HikariProxyPreparedStatement.java) ~[HikariCP-7.0.2.jar:na]
	at org.hibernate.sql.results.jdbc.internal.DeferredResultSetAccess.executeQuery(DeferredResultSetAccess.java:269) ~[hibernate-core-7.4.1.Final.jar:7.4.1.Final]
	... 87 common frames omitted

2026-08-04T19:02:39.745+05:30  INFO 10056 --- [bookstore] [SpringApplicationShutdownHook] o.s.boot.tomcat.GracefulShutdown         : Commencing graceful shutdown. Waiting for active requests to complete
2026-08-04T19:02:40.038+05:30  INFO 10056 --- [bookstore] [tomcat-shutdown] o.s.boot.tomcat.GracefulShutdown         : Graceful shutdown complete
2026-08-04T19:02:40.105+05:30  INFO 10056 --- [bookstore] [SpringApplicationShutdownHook] j.LocalContainerEntityManagerFactoryBean : Closing JPA EntityManagerFactory for persistence unit 'default'
2026-08-04T19:02:40.138+05:30  INFO 10056 --- [bookstore] [SpringApplicationShutdownHook] com.zaxxer.hikari.HikariDataSource       : HikariPool-1 - Shutdown initiated...
2026-08-04T19:02:40.159+05:30  INFO 10056 --- [bookstore] [SpringApplicationShutdownHook] com.zaxxer.hikari.HikariDataSource       : HikariPool-1 - Shutdown completed.
2026-08-04T19:02:45.600+05:30  INFO 16160 --- [bookstore] [main] com.tss.bookstore.BookstoreApplication   : Starting BookstoreApplication using Java 18.0.2.1 with PID 16160 (C:\prince\assignment1\bookstore\target\classes started by Prince.Kakadiya in C:\prince\assignment1\bookstore)
2026-08-04T19:02:45.604+05:30 DEBUG 16160 --- [bookstore] [main] com.tss.bookstore.BookstoreApplication   : Running with Spring Boot v4.1.0, Spring v7.0.8
2026-08-04T19:02:45.605+05:30  INFO 16160 --- [bookstore] [main] com.tss.bookstore.BookstoreApplication   : No active profile set, falling back to 1 default profile: "default"
2026-08-04T19:02:46.401+05:30  INFO 16160 --- [bookstore] [main] .s.d.r.c.RepositoryConfigurationDelegate : Bootstrapping Spring Data JPA repositories in DEFAULT mode.
2026-08-04T19:02:46.492+05:30  INFO 16160 --- [bookstore] [main] .s.d.r.c.RepositoryConfigurationDelegate : Finished Spring Data repository scanning in 80 ms. Found 9 JPA repository interfaces.
2026-08-04T19:02:46.979+05:30  INFO 16160 --- [bookstore] [main] o.s.boot.tomcat.TomcatWebServer          : Tomcat initialized with port 8080 (http)
2026-08-04T19:02:46.991+05:30  INFO 16160 --- [bookstore] [main] o.apache.catalina.core.StandardService   : Starting service [Tomcat]
2026-08-04T19:02:46.992+05:30  INFO 16160 --- [bookstore] [main] o.apache.catalina.core.StandardEngine    : Starting Servlet engine: [Apache Tomcat/11.0.22]
2026-08-04T19:02:47.060+05:30  INFO 16160 --- [bookstore] [main] b.w.c.s.WebApplicationContextInitializer : Root WebApplicationContext: initialization completed in 1400 ms
2026-08-04T19:02:47.229+05:30  INFO 16160 --- [bookstore] [main] org.hibernate.orm.jpa                    : HHH008540: Processing PersistenceUnitInfo [name: default]
2026-08-04T19:02:47.293+05:30  INFO 16160 --- [bookstore] [main] org.hibernate.orm.core                   : HHH000001: Hibernate ORM core version 7.4.1.Final
2026-08-04T19:02:47.827+05:30  INFO 16160 --- [bookstore] [main] o.s.o.j.p.SpringPersistenceUnitInfo      : No LoadTimeWeaver setup: ignoring JPA class transformer
2026-08-04T19:02:47.895+05:30  INFO 16160 --- [bookstore] [main] com.zaxxer.hikari.HikariDataSource       : HikariPool-1 - Starting...
2026-08-04T19:02:48.210+05:30  INFO 16160 --- [bookstore] [main] com.zaxxer.hikari.pool.HikariPool        : HikariPool-1 - Added connection org.postgresql.jdbc.PgConnection@1dbeedff
2026-08-04T19:02:48.212+05:30  INFO 16160 --- [bookstore] [main] com.zaxxer.hikari.HikariDataSource       : HikariPool-1 - Start completed.
2026-08-04T19:02:48.412+05:30  INFO 16160 --- [bookstore] [main] org.hibernate.orm.connections.pooling    : HHH10001005: Database info:
	Database JDBC URL [jdbc:postgresql://localhost:5432/bookstore_db]
	Database driver: PostgreSQL JDBC Driver
	Database dialect: PostgreSQLDialect
	Database version: 18.4
	Default catalog/schema: bookstore_db/public
	Autocommit mode: undefined/unknown
	Isolation level: READ_COMMITTED [default READ_COMMITTED]
	JDBC fetch size: none
	Pool: DataSourceConnectionProvider
	Minimum pool size: undefined/unknown
	Maximum pool size: undefined/unknown
2026-08-04T19:02:50.047+05:30  INFO 16160 --- [bookstore] [main] org.hibernate.orm.core                   : HHH000489: No JTA platform available (set 'hibernate.transaction.jta.platform' to enable JTA platform integration)
2026-08-04T19:02:50.165+05:30  INFO 16160 --- [bookstore] [main] j.LocalContainerEntityManagerFactoryBean : Initialized JPA EntityManagerFactory for persistence unit 'default'
2026-08-04T19:02:50.240+05:30  INFO 16160 --- [bookstore] [main] o.s.d.j.r.query.QueryEnhancerFactories   : Hibernate is in classpath; If applicable, HQL parser will be used.
2026-08-04T19:02:51.349+05:30  WARN 16160 --- [bookstore] [main] JpaBaseConfiguration$JpaWebConfiguration : spring.jpa.open-in-view is enabled by default. Therefore, database queries may be performed during view rendering. Explicitly configure spring.jpa.open-in-view to disable this warning
2026-08-04T19:02:51.734+05:30  INFO 16160 --- [bookstore] [main] o.s.boot.tomcat.TomcatWebServer          : Tomcat started on port 8080 (http) with context path '/'
2026-08-04T19:02:51.739+05:30  INFO 16160 --- [bookstore] [main] com.tss.bookstore.BookstoreApplication   : Started BookstoreApplication in 6.685 seconds (process running for 7.307)
2026-08-04T19:02:56.545+05:30  INFO 16160 --- [bookstore] [http-nio-8080-exec-1] o.a.c.c.C.[Tomcat].[localhost].[/]       : Initializing Spring DispatcherServlet 'dispatcherServlet'
2026-08-04T19:02:56.545+05:30  INFO 16160 --- [bookstore] [http-nio-8080-exec-1] o.s.web.servlet.DispatcherServlet        : Initializing Servlet 'dispatcherServlet'
2026-08-04T19:02:56.546+05:30  INFO 16160 --- [bookstore] [http-nio-8080-exec-1] o.s.web.servlet.DispatcherServlet        : Completed initialization in 1 ms
2026-08-04T19:02:56.606+05:30 DEBUG 16160 --- [bookstore] [http-nio-8080-exec-1] c.tss.bookstore.service.BookServiceImpl  : Fetching books. page=0, size=10
2026-08-04T19:02:56.683+05:30  WARN 16160 --- [bookstore] [http-nio-8080-exec-1] org.hibernate.orm.jdbc.error             : HHH000247: ErrorCode: 0, SQLState: 42601
2026-08-04T19:02:56.685+05:30  WARN 16160 --- [bookstore] [http-nio-8080-exec-1] org.hibernate.orm.jdbc.error             : ERROR: syntax error at or near "GROUP"
  Position: 840
2026-08-04T19:02:56.695+05:30 ERROR 16160 --- [bookstore] [http-nio-8080-exec-1] c.t.b.exception.GlobalExceptionHandler   : Unexpected error occurred: JDBC exception executing SQL [ERROR: syntax error at or near "GROUP"
  Position: 840] [SELECT
    b.book_id AS bookId,
    b.title AS title,
    b.price AS price,
    b.isbn AS ISBN,
    b.stock AS stock,
    STRING_AGG(DISTINCT a.name, ',') AS authorNames,
    p.name AS publisherName,
    c.name AS categoryName
FROM book b
LEFT JOIN category c
    ON b.category_id = c.category_id
LEFT JOIN book_author ba
    ON b.book_id = ba.book_id
LEFT JOIN author a
    ON ba.author_id = a.author_id
WHERE
    (? IS NULL OR b.title ILIKE '%' || ? || '%')
    AND (? IS NULL OR c.category_id = ?)
    AND (? IS NULL OR c.name ILIKE '%' || ? || '%')
    AND (? IS NULL OR a.author_id = ?)
    AND (? IS NULL OR a.name ILIKE '%' || ? || '%')
    AND (? IS NULL OR b.price >= ?)
    AND (? IS NULL OR b.price <= ?)
    AND (? IS NULL OR
         (? = true AND b.stock > 0)
         OR (? = false AND b.stock = 0)
GROUP BY
        b.book_id,
        b.title,
        b.price,
        b.isbn,
        b.stock,
        p.name,
        c.name
    ) fetch first ? rows only
]; SQL [SELECT
    b.book_id AS bookId,
    b.title AS title,
    b.price AS price,
    b.isbn AS ISBN,
    b.stock AS stock,
    STRING_AGG(DISTINCT a.name, ',') AS authorNames,
    p.name AS publisherName,
    c.name AS categoryName
FROM book b
LEFT JOIN category c
    ON b.category_id = c.category_id
LEFT JOIN book_author ba
    ON b.book_id = ba.book_id
LEFT JOIN author a
    ON ba.author_id = a.author_id
WHERE
    (? IS NULL OR b.title ILIKE '%' || ? || '%')
    AND (? IS NULL OR c.category_id = ?)
    AND (? IS NULL OR c.name ILIKE '%' || ? || '%')
    AND (? IS NULL OR a.author_id = ?)
    AND (? IS NULL OR a.name ILIKE '%' || ? || '%')
    AND (? IS NULL OR b.price >= ?)
    AND (? IS NULL OR b.price <= ?)
    AND (? IS NULL OR
         (? = true AND b.stock > 0)
         OR (? = false AND b.stock = 0)
GROUP BY
        b.book_id,
        b.title,
        b.price,
        b.isbn,
        b.stock,
        p.name,
        c.name
    ) fetch first ? rows only
]

org.springframework.dao.InvalidDataAccessResourceUsageException: JDBC exception executing SQL [ERROR: syntax error at or near "GROUP"
  Position: 840] [SELECT
    b.book_id AS bookId,
    b.title AS title,
    b.price AS price,
    b.isbn AS ISBN,
    b.stock AS stock,
    STRING_AGG(DISTINCT a.name, ',') AS authorNames,
    p.name AS publisherName,
    c.name AS categoryName
FROM book b
LEFT JOIN category c
    ON b.category_id = c.category_id
LEFT JOIN book_author ba
    ON b.book_id = ba.book_id
LEFT JOIN author a
    ON ba.author_id = a.author_id
WHERE
    (? IS NULL OR b.title ILIKE '%' || ? || '%')
    AND (? IS NULL OR c.category_id = ?)
    AND (? IS NULL OR c.name ILIKE '%' || ? || '%')
    AND (? IS NULL OR a.author_id = ?)
    AND (? IS NULL OR a.name ILIKE '%' || ? || '%')
    AND (? IS NULL OR b.price >= ?)
    AND (? IS NULL OR b.price <= ?)
    AND (? IS NULL OR
         (? = true AND b.stock > 0)
         OR (? = false AND b.stock = 0)
GROUP BY
        b.book_id,
        b.title,
        b.price,
        b.isbn,
        b.stock,
        p.name,
        c.name
    ) fetch first ? rows only
]; SQL [SELECT
    b.book_id AS bookId,
    b.title AS title,
    b.price AS price,
    b.isbn AS ISBN,
    b.stock AS stock,
    STRING_AGG(DISTINCT a.name, ',') AS authorNames,
    p.name AS publisherName,
    c.name AS categoryName
FROM book b
LEFT JOIN category c
    ON b.category_id = c.category_id
LEFT JOIN book_author ba
    ON b.book_id = ba.book_id
LEFT JOIN author a
    ON ba.author_id = a.author_id
WHERE
    (? IS NULL OR b.title ILIKE '%' || ? || '%')
    AND (? IS NULL OR c.category_id = ?)
    AND (? IS NULL OR c.name ILIKE '%' || ? || '%')
    AND (? IS NULL OR a.author_id = ?)
    AND (? IS NULL OR a.name ILIKE '%' || ? || '%')
    AND (? IS NULL OR b.price >= ?)
    AND (? IS NULL OR b.price <= ?)
    AND (? IS NULL OR
         (? = true AND b.stock > 0)
         OR (? = false AND b.stock = 0)
GROUP BY
        b.book_id,
        b.title,
        b.price,
        b.isbn,
        b.stock,
        p.name,
        c.name
    ) fetch first ? rows only
]
	at org.springframework.orm.jpa.hibernate.HibernateExceptionTranslator.convertHibernateAccessException(HibernateExceptionTranslator.java:156) ~[spring-orm-7.0.8.jar:7.0.8]
	at org.springframework.orm.jpa.hibernate.HibernateExceptionTranslator.convertHibernateAccessException(HibernateExceptionTranslator.java:131) ~[spring-orm-7.0.8.jar:7.0.8]
	at org.springframework.orm.jpa.hibernate.HibernateExceptionTranslator.translateExceptionIfPossible(HibernateExceptionTranslator.java:105) ~[spring-orm-7.0.8.jar:7.0.8]
	at org.springframework.orm.jpa.vendor.HibernateJpaDialect.translateExceptionIfPossible(HibernateJpaDialect.java:223) ~[spring-orm-7.0.8.jar:7.0.8]
	at org.springframework.orm.jpa.AbstractEntityManagerFactoryBean.translateExceptionIfPossible(AbstractEntityManagerFactoryBean.java:577) ~[spring-orm-7.0.8.jar:7.0.8]
	at org.springframework.dao.support.ChainedPersistenceExceptionTranslator.translateExceptionIfPossible(ChainedPersistenceExceptionTranslator.java:61) ~[spring-tx-7.0.8.jar:7.0.8]
	at org.springframework.dao.support.DataAccessUtils.translateIfNecessary(DataAccessUtils.java:346) ~[spring-tx-7.0.8.jar:7.0.8]
	at org.springframework.dao.support.PersistenceExceptionTranslationInterceptor.invoke(PersistenceExceptionTranslationInterceptor.java:157) ~[spring-tx-7.0.8.jar:7.0.8]
	at org.springframework.aop.framework.ReflectiveMethodInvocation.proceed(ReflectiveMethodInvocation.java:179) ~[spring-aop-7.0.8.jar:7.0.8]
	at org.springframework.data.jpa.repository.support.CrudMethodMetadataPostProcessor$CrudMethodMetadataPopulatingMethodInterceptor.invoke(CrudMethodMetadataPostProcessor.java:137) ~[spring-data-jpa-4.1.0.jar:4.1.0]
	at org.springframework.aop.framework.ReflectiveMethodInvocation.proceed(ReflectiveMethodInvocation.java:179) ~[spring-aop-7.0.8.jar:7.0.8]
	at org.springframework.aop.framework.JdkDynamicAopProxy.invoke(JdkDynamicAopProxy.java:222) ~[spring-aop-7.0.8.jar:7.0.8]
	at jdk.proxy2/jdk.proxy2.$Proxy142.searchBooks(Unknown Source) ~[na:na]
	at com.tss.bookstore.service.BookServiceImpl.getAllBooks(BookServiceImpl.java:139) ~[classes/:na]
	at java.base/jdk.internal.reflect.DirectMethodHandleAccessor.invoke(DirectMethodHandleAccessor.java:104) ~[na:na]
	at java.base/java.lang.reflect.Method.invoke(Method.java:577) ~[na:na]
	at org.springframework.aop.support.AopUtils.invokeJoinpointUsingReflection(AopUtils.java:359) ~[spring-aop-7.0.8.jar:7.0.8]
	at org.springframework.aop.framework.CglibAopProxy$DynamicAdvisedInterceptor.intercept(CglibAopProxy.java:715) ~[spring-aop-7.0.8.jar:7.0.8]
	at com.tss.bookstore.service.BookServiceImpl$$SpringCGLIB$$0.getAllBooks(<generated>) ~[classes/:na]
	at com.tss.bookstore.controller.BookController.getAllBooks(BookController.java:53) ~[classes/:na]
	at java.base/jdk.internal.reflect.DirectMethodHandleAccessor.invoke(DirectMethodHandleAccessor.java:104) ~[na:na]
	at java.base/java.lang.reflect.Method.invoke(Method.java:577) ~[na:na]
	at org.springframework.web.method.support.InvocableHandlerMethod.doInvoke(InvocableHandlerMethod.java:252) ~[spring-web-7.0.8.jar:7.0.8]
	at org.springframework.web.method.support.InvocableHandlerMethod.invokeForRequest(InvocableHandlerMethod.java:184) ~[spring-web-7.0.8.jar:7.0.8]
	at org.springframework.web.servlet.mvc.method.annotation.ServletInvocableHandlerMethod.invokeAndHandle(ServletInvocableHandlerMethod.java:117) ~[spring-webmvc-7.0.8.jar:7.0.8]
	at org.springframework.web.servlet.mvc.method.annotation.RequestMappingHandlerAdapter.invokeHandlerMethod(RequestMappingHandlerAdapter.java:934) ~[spring-webmvc-7.0.8.jar:7.0.8]
	at org.springframework.web.servlet.mvc.method.annotation.RequestMappingHandlerAdapter.handleInternal(RequestMappingHandlerAdapter.java:853) ~[spring-webmvc-7.0.8.jar:7.0.8]
	at org.springframework.web.servlet.mvc.method.AbstractHandlerMethodAdapter.handle(AbstractHandlerMethodAdapter.java:86) ~[spring-webmvc-7.0.8.jar:7.0.8]
	at org.springframework.web.servlet.DispatcherServlet.doDispatch(DispatcherServlet.java:963) ~[spring-webmvc-7.0.8.jar:7.0.8]
	at org.springframework.web.servlet.DispatcherServlet.doService(DispatcherServlet.java:866) ~[spring-webmvc-7.0.8.jar:7.0.8]
	at org.springframework.web.servlet.FrameworkServlet.processRequest(FrameworkServlet.java:1000) ~[spring-webmvc-7.0.8.jar:7.0.8]
	at org.springframework.web.servlet.FrameworkServlet.doGet(FrameworkServlet.java:892) ~[spring-webmvc-7.0.8.jar:7.0.8]
	at jakarta.servlet.http.HttpServlet.service(HttpServlet.java:622) ~[tomcat-embed-core-11.0.22.jar:6.1]
	at org.springframework.web.servlet.FrameworkServlet.service(FrameworkServlet.java:874) ~[spring-webmvc-7.0.8.jar:7.0.8]
	at jakarta.servlet.http.HttpServlet.service(HttpServlet.java:710) ~[tomcat-embed-core-11.0.22.jar:6.1]
	at org.apache.catalina.core.ApplicationFilterChain.doFilter(ApplicationFilterChain.java:128) ~[tomcat-embed-core-11.0.22.jar:11.0.22]
	at org.apache.tomcat.websocket.server.WsFilter.doFilter(WsFilter.java:53) ~[tomcat-embed-websocket-11.0.22.jar:11.0.22]
	at org.apache.catalina.core.ApplicationFilterChain.doFilter(ApplicationFilterChain.java:107) ~[tomcat-embed-core-11.0.22.jar:11.0.22]
	at org.springframework.web.filter.RequestContextFilter.doFilterInternal(RequestContextFilter.java:100) ~[spring-web-7.0.8.jar:7.0.8]
	at org.springframework.web.filter.OncePerRequestFilter.doFilter(OncePerRequestFilter.java:116) ~[spring-web-7.0.8.jar:7.0.8]
	at org.apache.catalina.core.ApplicationFilterChain.doFilter(ApplicationFilterChain.java:107) ~[tomcat-embed-core-11.0.22.jar:11.0.22]
	at org.springframework.web.filter.FormContentFilter.doFilterInternal(FormContentFilter.java:93) ~[spring-web-7.0.8.jar:7.0.8]
	at org.springframework.web.filter.OncePerRequestFilter.doFilter(OncePerRequestFilter.java:116) ~[spring-web-7.0.8.jar:7.0.8]
	at org.apache.catalina.core.ApplicationFilterChain.doFilter(ApplicationFilterChain.java:107) ~[tomcat-embed-core-11.0.22.jar:11.0.22]
	at org.springframework.web.filter.CharacterEncodingFilter.doFilterInternal(CharacterEncodingFilter.java:199) ~[spring-web-7.0.8.jar:7.0.8]
	at org.springframework.web.filter.OncePerRequestFilter.doFilter(OncePerRequestFilter.java:116) ~[spring-web-7.0.8.jar:7.0.8]
	at org.apache.catalina.core.ApplicationFilterChain.doFilter(ApplicationFilterChain.java:107) ~[tomcat-embed-core-11.0.22.jar:11.0.22]
	at org.apache.catalina.core.StandardWrapperValve.invoke(StandardWrapperValve.java:165) ~[tomcat-embed-core-11.0.22.jar:11.0.22]
	at org.apache.catalina.core.StandardContextValve.invoke(StandardContextValve.java:77) ~[tomcat-embed-core-11.0.22.jar:11.0.22]
	at org.apache.catalina.authenticator.AuthenticatorBase.invoke(AuthenticatorBase.java:492) ~[tomcat-embed-core-11.0.22.jar:11.0.22]
	at org.apache.catalina.core.StandardHostValve.invoke(StandardHostValve.java:113) ~[tomcat-embed-core-11.0.22.jar:11.0.22]
	at org.apache.catalina.valves.ErrorReportValve.invoke(ErrorReportValve.java:83) ~[tomcat-embed-core-11.0.22.jar:11.0.22]
	at org.apache.catalina.core.StandardEngineValve.invoke(StandardEngineValve.java:72) ~[tomcat-embed-core-11.0.22.jar:11.0.22]
	at org.apache.catalina.connector.CoyoteAdapter.service(CoyoteAdapter.java:341) ~[tomcat-embed-core-11.0.22.jar:11.0.22]
	at org.apache.coyote.http11.Http11Processor.service(Http11Processor.java:397) ~[tomcat-embed-core-11.0.22.jar:11.0.22]
	at org.apache.coyote.AbstractProcessorLight.process(AbstractProcessorLight.java:63) ~[tomcat-embed-core-11.0.22.jar:11.0.22]
	at org.apache.coyote.AbstractProtocol$ConnectionHandler.process(AbstractProtocol.java:1272) ~[tomcat-embed-core-11.0.22.jar:11.0.22]
	at org.apache.tomcat.util.net.NioEndpoint$SocketProcessor.doRun(NioEndpoint.java:1801) ~[tomcat-embed-core-11.0.22.jar:11.0.22]
	at org.apache.tomcat.util.net.SocketProcessorBase.run(SocketProcessorBase.java:52) ~[tomcat-embed-core-11.0.22.jar:11.0.22]
	at org.apache.tomcat.util.threads.ThreadPoolExecutor.runWorker(ThreadPoolExecutor.java:946) ~[tomcat-embed-core-11.0.22.jar:11.0.22]
	at org.apache.tomcat.util.threads.ThreadPoolExecutor$Worker.run(ThreadPoolExecutor.java:480) ~[tomcat-embed-core-11.0.22.jar:11.0.22]
	at org.apache.tomcat.util.threads.TaskThread$WrappingRunnable.run(TaskThread.java:57) ~[tomcat-embed-core-11.0.22.jar:11.0.22]
	at java.base/java.lang.Thread.run(Thread.java:833) ~[na:na]
Caused by: org.hibernate.exception.SQLGrammarException: JDBC exception executing SQL [ERROR: syntax error at or near "GROUP"
  Position: 840] [SELECT
    b.book_id AS bookId,
    b.title AS title,
    b.price AS price,
    b.isbn AS ISBN,
    b.stock AS stock,
    STRING_AGG(DISTINCT a.name, ',') AS authorNames,
    p.name AS publisherName,
    c.name AS categoryName
FROM book b
LEFT JOIN category c
    ON b.category_id = c.category_id
LEFT JOIN book_author ba
    ON b.book_id = ba.book_id
LEFT JOIN author a
    ON ba.author_id = a.author_id
WHERE
    (? IS NULL OR b.title ILIKE '%' || ? || '%')
    AND (? IS NULL OR c.category_id = ?)
    AND (? IS NULL OR c.name ILIKE '%' || ? || '%')
    AND (? IS NULL OR a.author_id = ?)
    AND (? IS NULL OR a.name ILIKE '%' || ? || '%')
    AND (? IS NULL OR b.price >= ?)
    AND (? IS NULL OR b.price <= ?)
    AND (? IS NULL OR
         (? = true AND b.stock > 0)
         OR (? = false AND b.stock = 0)
GROUP BY
        b.book_id,
        b.title,
        b.price,
        b.isbn,
        b.stock,
        p.name,
        c.name
    ) fetch first ? rows only
]
	at org.hibernate.exception.internal.SQLStateConversionDelegate.convert(SQLStateConversionDelegate.java:63) ~[hibernate-core-7.4.1.Final.jar:7.4.1.Final]
	at org.hibernate.exception.internal.StandardSQLExceptionConverter.convert(StandardSQLExceptionConverter.java:34) ~[hibernate-core-7.4.1.Final.jar:7.4.1.Final]
	at org.hibernate.engine.jdbc.spi.SqlExceptionHelper.convert(SqlExceptionHelper.java:115) ~[hibernate-core-7.4.1.Final.jar:7.4.1.Final]
	at org.hibernate.sql.results.jdbc.internal.DeferredResultSetAccess.executeQuery(DeferredResultSetAccess.java:292) ~[hibernate-core-7.4.1.Final.jar:7.4.1.Final]
	at org.hibernate.sql.results.jdbc.internal.DeferredResultSetAccess.getResultSet(DeferredResultSetAccess.java:188) ~[hibernate-core-7.4.1.Final.jar:7.4.1.Final]
	at org.hibernate.sql.results.jdbc.internal.AbstractResultSetAccess.getResultSetMetaData(AbstractResultSetAccess.java:52) ~[hibernate-core-7.4.1.Final.jar:7.4.1.Final]
	at org.hibernate.sql.results.jdbc.internal.AbstractResultSetAccess.getColumnCount(AbstractResultSetAccess.java:66) ~[hibernate-core-7.4.1.Final.jar:7.4.1.Final]
	at org.hibernate.query.results.internal.ResultSetMappingImpl.resolve(ResultSetMappingImpl.java:183) ~[hibernate-core-7.4.1.Final.jar:7.4.1.Final]
	at org.hibernate.sql.exec.internal.JdbcSelectExecutorStandardImpl.resolveJdbcValues(JdbcSelectExecutorStandardImpl.java:409) ~[hibernate-core-7.4.1.Final.jar:7.4.1.Final]
	at org.hibernate.sql.exec.internal.JdbcSelectExecutorStandardImpl.resolveJdbcValuesSource(JdbcSelectExecutorStandardImpl.java:349) ~[hibernate-core-7.4.1.Final.jar:7.4.1.Final]
	at org.hibernate.sql.exec.internal.JdbcSelectExecutorStandardImpl.doExecuteQuery(JdbcSelectExecutorStandardImpl.java:143) ~[hibernate-core-7.4.1.Final.jar:7.4.1.Final]
	at org.hibernate.sql.exec.internal.JdbcSelectExecutorStandardImpl.executeQuery(JdbcSelectExecutorStandardImpl.java:100) ~[hibernate-core-7.4.1.Final.jar:7.4.1.Final]
	at org.hibernate.sql.exec.spi.JdbcSelectExecutor.executeQuery(JdbcSelectExecutor.java:63) ~[hibernate-core-7.4.1.Final.jar:7.4.1.Final]
	at org.hibernate.sql.exec.spi.JdbcSelectExecutor.list(JdbcSelectExecutor.java:137) ~[hibernate-core-7.4.1.Final.jar:7.4.1.Final]
	at org.hibernate.sql.exec.spi.JdbcSelectExecutor.list(JdbcSelectExecutor.java:114) ~[hibernate-core-7.4.1.Final.jar:7.4.1.Final]
	at org.hibernate.sql.exec.spi.JdbcSelectExecutor.list(JdbcSelectExecutor.java:104) ~[hibernate-core-7.4.1.Final.jar:7.4.1.Final]
	at org.hibernate.query.sql.internal.NativeSelectQueryPlanImpl.performList(NativeSelectQueryPlanImpl.java:138) ~[hibernate-core-7.4.1.Final.jar:7.4.1.Final]
	at org.hibernate.query.sql.internal.NativeQueryImpl.doList(NativeQueryImpl.java:756) ~[hibernate-core-7.4.1.Final.jar:7.4.1.Final]
	at org.hibernate.query.spi.AbstractSelectionQuery.list(AbstractSelectionQuery.java:153) ~[hibernate-core-7.4.1.Final.jar:7.4.1.Final]
	at org.hibernate.query.Query.getResultList(Query.java:121) ~[hibernate-core-7.4.1.Final.jar:7.4.1.Final]
	at org.springframework.data.jpa.repository.query.JpaQueryExecution$PagedExecution.doExecute(JpaQueryExecution.java:296) ~[spring-data-jpa-4.1.0.jar:4.1.0]
	at org.springframework.data.jpa.repository.query.JpaQueryExecution.execute(JpaQueryExecution.java:100) ~[spring-data-jpa-4.1.0.jar:4.1.0]
	at org.springframework.data.jpa.repository.query.AbstractJpaQuery.doExecute(AbstractJpaQuery.java:166) ~[spring-data-jpa-4.1.0.jar:4.1.0]
	at org.springframework.data.jpa.repository.query.AbstractJpaQuery.execute(AbstractJpaQuery.java:156) ~[spring-data-jpa-4.1.0.jar:4.1.0]
	at org.springframework.data.repository.core.support.RepositoryMethodInvoker.doInvoke(RepositoryMethodInvoker.java:169) ~[spring-data-commons-4.1.0.jar:4.1.0]
	at org.springframework.data.repository.core.support.RepositoryMethodInvoker.invoke(RepositoryMethodInvoker.java:158) ~[spring-data-commons-4.1.0.jar:4.1.0]
	at org.springframework.data.repository.core.support.QueryExecutorMethodInterceptor.doInvoke(QueryExecutorMethodInterceptor.java:167) ~[spring-data-commons-4.1.0.jar:4.1.0]
	at org.springframework.data.repository.core.support.QueryExecutorMethodInterceptor.invoke(QueryExecutorMethodInterceptor.java:146) ~[spring-data-commons-4.1.0.jar:4.1.0]
	at org.springframework.aop.framework.ReflectiveMethodInvocation.proceed(ReflectiveMethodInvocation.java:179) ~[spring-aop-7.0.8.jar:7.0.8]
	at org.springframework.data.projection.DefaultMethodInvokingMethodInterceptor.invoke(DefaultMethodInvokingMethodInterceptor.java:69) ~[spring-data-commons-4.1.0.jar:4.1.0]
	at org.springframework.aop.framework.ReflectiveMethodInvocation.proceed(ReflectiveMethodInvocation.java:179) ~[spring-aop-7.0.8.jar:7.0.8]
	at org.springframework.transaction.interceptor.TransactionInterceptor$1.proceedWithInvocation(TransactionInterceptor.java:133) ~[spring-tx-7.0.8.jar:7.0.8]
	at org.springframework.transaction.interceptor.TransactionAspectSupport.invokeWithinTransaction(TransactionAspectSupport.java:371) ~[spring-tx-7.0.8.jar:7.0.8]
	at org.springframework.transaction.interceptor.TransactionInterceptor.invoke(TransactionInterceptor.java:130) ~[spring-tx-7.0.8.jar:7.0.8]
	at org.springframework.aop.framework.ReflectiveMethodInvocation.proceed(ReflectiveMethodInvocation.java:179) ~[spring-aop-7.0.8.jar:7.0.8]
	at org.springframework.dao.support.PersistenceExceptionTranslationInterceptor.invoke(PersistenceExceptionTranslationInterceptor.java:135) ~[spring-tx-7.0.8.jar:7.0.8]
	... 55 common frames omitted
Caused by: org.postgresql.util.PSQLException: ERROR: syntax error at or near "GROUP"
  Position: 840
	at org.postgresql.core.v3.QueryExecutorImpl.receiveErrorResponse(QueryExecutorImpl.java:2904) ~[postgresql-42.7.11.jar:42.7.11]
	at org.postgresql.core.v3.QueryExecutorImpl.processResults(QueryExecutorImpl.java:2589) ~[postgresql-42.7.11.jar:42.7.11]
	at org.postgresql.core.v3.QueryExecutorImpl.execute(QueryExecutorImpl.java:431) ~[postgresql-42.7.11.jar:42.7.11]
	at org.postgresql.jdbc.PgStatement.executeInternal(PgStatement.java:534) ~[postgresql-42.7.11.jar:42.7.11]
	at org.postgresql.jdbc.PgStatement.execute(PgStatement.java:437) ~[postgresql-42.7.11.jar:42.7.11]
	at org.postgresql.jdbc.PgPreparedStatement.executeWithFlags(PgPreparedStatement.java:196) ~[postgresql-42.7.11.jar:42.7.11]
	at org.postgresql.jdbc.PgPreparedStatement.executeQuery(PgPreparedStatement.java:139) ~[postgresql-42.7.11.jar:42.7.11]
	at com.zaxxer.hikari.pool.ProxyPreparedStatement.executeQuery(ProxyPreparedStatement.java:52) ~[HikariCP-7.0.2.jar:na]
	at com.zaxxer.hikari.pool.HikariProxyPreparedStatement.executeQuery(HikariProxyPreparedStatement.java) ~[HikariCP-7.0.2.jar:na]
	at org.hibernate.sql.results.jdbc.internal.DeferredResultSetAccess.executeQuery(DeferredResultSetAccess.java:269) ~[hibernate-core-7.4.1.Final.jar:7.4.1.Final]
	... 87 common frames omitted

2026-08-04T19:03:40.717+05:30  INFO 16160 --- [bookstore] [SpringApplicationShutdownHook] o.s.boot.tomcat.GracefulShutdown         : Commencing graceful shutdown. Waiting for active requests to complete
2026-08-04T19:03:40.997+05:30  INFO 16160 --- [bookstore] [tomcat-shutdown] o.s.boot.tomcat.GracefulShutdown         : Graceful shutdown complete
2026-08-04T19:03:41.003+05:30  INFO 16160 --- [bookstore] [SpringApplicationShutdownHook] j.LocalContainerEntityManagerFactoryBean : Closing JPA EntityManagerFactory for persistence unit 'default'
2026-08-04T19:03:41.006+05:30  INFO 16160 --- [bookstore] [SpringApplicationShutdownHook] com.zaxxer.hikari.HikariDataSource       : HikariPool-1 - Shutdown initiated...
2026-08-04T19:03:41.009+05:30  INFO 16160 --- [bookstore] [SpringApplicationShutdownHook] com.zaxxer.hikari.HikariDataSource       : HikariPool-1 - Shutdown completed.
2026-08-04T19:03:46.421+05:30  INFO 5520 --- [bookstore] [main] com.tss.bookstore.BookstoreApplication   : Starting BookstoreApplication using Java 18.0.2.1 with PID 5520 (C:\prince\assignment1\bookstore\target\classes started by Prince.Kakadiya in C:\prince\assignment1\bookstore)
2026-08-04T19:03:46.427+05:30 DEBUG 5520 --- [bookstore] [main] com.tss.bookstore.BookstoreApplication   : Running with Spring Boot v4.1.0, Spring v7.0.8
2026-08-04T19:03:46.427+05:30  INFO 5520 --- [bookstore] [main] com.tss.bookstore.BookstoreApplication   : No active profile set, falling back to 1 default profile: "default"
2026-08-04T19:03:47.166+05:30  INFO 5520 --- [bookstore] [main] .s.d.r.c.RepositoryConfigurationDelegate : Bootstrapping Spring Data JPA repositories in DEFAULT mode.
2026-08-04T19:03:47.249+05:30  INFO 5520 --- [bookstore] [main] .s.d.r.c.RepositoryConfigurationDelegate : Finished Spring Data repository scanning in 73 ms. Found 9 JPA repository interfaces.
2026-08-04T19:03:47.702+05:30  INFO 5520 --- [bookstore] [main] o.s.boot.tomcat.TomcatWebServer          : Tomcat initialized with port 8080 (http)
2026-08-04T19:03:47.720+05:30  INFO 5520 --- [bookstore] [main] o.apache.catalina.core.StandardService   : Starting service [Tomcat]
2026-08-04T19:03:47.721+05:30  INFO 5520 --- [bookstore] [main] o.apache.catalina.core.StandardEngine    : Starting Servlet engine: [Apache Tomcat/11.0.22]
2026-08-04T19:03:47.801+05:30  INFO 5520 --- [bookstore] [main] b.w.c.s.WebApplicationContextInitializer : Root WebApplicationContext: initialization completed in 1313 ms
2026-08-04T19:03:47.990+05:30  INFO 5520 --- [bookstore] [main] org.hibernate.orm.jpa                    : HHH008540: Processing PersistenceUnitInfo [name: default]
2026-08-04T19:03:48.056+05:30  INFO 5520 --- [bookstore] [main] org.hibernate.orm.core                   : HHH000001: Hibernate ORM core version 7.4.1.Final
2026-08-04T19:03:48.509+05:30  INFO 5520 --- [bookstore] [main] o.s.o.j.p.SpringPersistenceUnitInfo      : No LoadTimeWeaver setup: ignoring JPA class transformer
2026-08-04T19:03:48.548+05:30  INFO 5520 --- [bookstore] [main] com.zaxxer.hikari.HikariDataSource       : HikariPool-1 - Starting...
2026-08-04T19:03:48.785+05:30  INFO 5520 --- [bookstore] [main] com.zaxxer.hikari.pool.HikariPool        : HikariPool-1 - Added connection org.postgresql.jdbc.PgConnection@4ec8d9b2
2026-08-04T19:03:48.786+05:30  INFO 5520 --- [bookstore] [main] com.zaxxer.hikari.HikariDataSource       : HikariPool-1 - Start completed.
2026-08-04T19:03:48.872+05:30  INFO 5520 --- [bookstore] [main] org.hibernate.orm.connections.pooling    : HHH10001005: Database info:
	Database JDBC URL [jdbc:postgresql://localhost:5432/bookstore_db]
	Database driver: PostgreSQL JDBC Driver
	Database dialect: PostgreSQLDialect
	Database version: 18.4
	Default catalog/schema: bookstore_db/public
	Autocommit mode: undefined/unknown
	Isolation level: READ_COMMITTED [default READ_COMMITTED]
	JDBC fetch size: none
	Pool: DataSourceConnectionProvider
	Minimum pool size: undefined/unknown
	Maximum pool size: undefined/unknown
2026-08-04T19:03:50.466+05:30  INFO 5520 --- [bookstore] [main] org.hibernate.orm.core                   : HHH000489: No JTA platform available (set 'hibernate.transaction.jta.platform' to enable JTA platform integration)
2026-08-04T19:03:50.569+05:30  INFO 5520 --- [bookstore] [main] j.LocalContainerEntityManagerFactoryBean : Initialized JPA EntityManagerFactory for persistence unit 'default'
2026-08-04T19:03:50.630+05:30  INFO 5520 --- [bookstore] [main] o.s.d.j.r.query.QueryEnhancerFactories   : Hibernate is in classpath; If applicable, HQL parser will be used.
2026-08-04T19:03:51.626+05:30  WARN 5520 --- [bookstore] [main] JpaBaseConfiguration$JpaWebConfiguration : spring.jpa.open-in-view is enabled by default. Therefore, database queries may be performed during view rendering. Explicitly configure spring.jpa.open-in-view to disable this warning
2026-08-04T19:03:51.954+05:30  INFO 5520 --- [bookstore] [main] o.s.boot.tomcat.TomcatWebServer          : Tomcat started on port 8080 (http) with context path '/'
2026-08-04T19:03:51.958+05:30  INFO 5520 --- [bookstore] [main] com.tss.bookstore.BookstoreApplication   : Started BookstoreApplication in 6.082 seconds (process running for 6.684)
2026-08-04T19:03:58.976+05:30  INFO 5520 --- [bookstore] [http-nio-8080-exec-2] o.a.c.c.C.[Tomcat].[localhost].[/]       : Initializing Spring DispatcherServlet 'dispatcherServlet'
2026-08-04T19:03:58.976+05:30  INFO 5520 --- [bookstore] [http-nio-8080-exec-2] o.s.web.servlet.DispatcherServlet        : Initializing Servlet 'dispatcherServlet'
2026-08-04T19:03:58.977+05:30  INFO 5520 --- [bookstore] [http-nio-8080-exec-2] o.s.web.servlet.DispatcherServlet        : Completed initialization in 1 ms
2026-08-04T19:03:59.025+05:30 DEBUG 5520 --- [bookstore] [http-nio-8080-exec-2] c.tss.bookstore.service.BookServiceImpl  : Fetching books. page=0, size=10
2026-08-04T19:03:59.096+05:30  WARN 5520 --- [bookstore] [http-nio-8080-exec-2] org.hibernate.orm.jdbc.error             : HHH000247: ErrorCode: 0, SQLState: 42P01
2026-08-04T19:03:59.097+05:30  WARN 5520 --- [bookstore] [http-nio-8080-exec-2] org.hibernate.orm.jdbc.error             : ERROR: missing FROM-clause entry for table "p"
  Position: 176
2026-08-04T19:03:59.108+05:30 ERROR 5520 --- [bookstore] [http-nio-8080-exec-2] c.t.b.exception.GlobalExceptionHandler   : Unexpected error occurred: JDBC exception executing SQL [ERROR: missing FROM-clause entry for table "p"
  Position: 176] [SELECT
    b.book_id AS bookId,
    b.title AS title,
    b.price AS price,
    b.isbn AS ISBN,
    b.stock AS stock,
    STRING_AGG(DISTINCT a.name, ',') AS authorNames,
    p.name AS publisherName,
    c.name AS categoryName
FROM book b
LEFT JOIN category c
    ON b.category_id = c.category_id
LEFT JOIN book_author ba
    ON b.book_id = ba.book_id
LEFT JOIN author a
    ON ba.author_id = a.author_id
WHERE
    (? IS NULL OR b.title ILIKE '%' || ? || '%')
    AND (? IS NULL OR c.category_id = ?)
    AND (? IS NULL OR c.name ILIKE '%' || ? || '%')
    AND (? IS NULL OR a.author_id = ?)
    AND (? IS NULL OR a.name ILIKE '%' || ? || '%')
    AND (? IS NULL OR b.price >= ?)
    AND (? IS NULL OR b.price <= ?)
    AND (? IS NULL OR
         (? = true AND b.stock > 0)
         OR (? = false AND b.stock = 0)
)
GROUP BY
        b.book_id,
        b.title,
        b.price,
        b.isbn,
        b.stock,
        p.name,
        c.name fetch first ? rows only

]; SQL [SELECT
    b.book_id AS bookId,
    b.title AS title,
    b.price AS price,
    b.isbn AS ISBN,
    b.stock AS stock,
    STRING_AGG(DISTINCT a.name, ',') AS authorNames,
    p.name AS publisherName,
    c.name AS categoryName
FROM book b
LEFT JOIN category c
    ON b.category_id = c.category_id
LEFT JOIN book_author ba
    ON b.book_id = ba.book_id
LEFT JOIN author a
    ON ba.author_id = a.author_id
WHERE
    (? IS NULL OR b.title ILIKE '%' || ? || '%')
    AND (? IS NULL OR c.category_id = ?)
    AND (? IS NULL OR c.name ILIKE '%' || ? || '%')
    AND (? IS NULL OR a.author_id = ?)
    AND (? IS NULL OR a.name ILIKE '%' || ? || '%')
    AND (? IS NULL OR b.price >= ?)
    AND (? IS NULL OR b.price <= ?)
    AND (? IS NULL OR
         (? = true AND b.stock > 0)
         OR (? = false AND b.stock = 0)
)
GROUP BY
        b.book_id,
        b.title,
        b.price,
        b.isbn,
        b.stock,
        p.name,
        c.name fetch first ? rows only

]

org.springframework.dao.InvalidDataAccessResourceUsageException: JDBC exception executing SQL [ERROR: missing FROM-clause entry for table "p"
  Position: 176] [SELECT
    b.book_id AS bookId,
    b.title AS title,
    b.price AS price,
    b.isbn AS ISBN,
    b.stock AS stock,
    STRING_AGG(DISTINCT a.name, ',') AS authorNames,
    p.name AS publisherName,
    c.name AS categoryName
FROM book b
LEFT JOIN category c
    ON b.category_id = c.category_id
LEFT JOIN book_author ba
    ON b.book_id = ba.book_id
LEFT JOIN author a
    ON ba.author_id = a.author_id
WHERE
    (? IS NULL OR b.title ILIKE '%' || ? || '%')
    AND (? IS NULL OR c.category_id = ?)
    AND (? IS NULL OR c.name ILIKE '%' || ? || '%')
    AND (? IS NULL OR a.author_id = ?)
    AND (? IS NULL OR a.name ILIKE '%' || ? || '%')
    AND (? IS NULL OR b.price >= ?)
    AND (? IS NULL OR b.price <= ?)
    AND (? IS NULL OR
         (? = true AND b.stock > 0)
         OR (? = false AND b.stock = 0)
)
GROUP BY
        b.book_id,
        b.title,
        b.price,
        b.isbn,
        b.stock,
        p.name,
        c.name fetch first ? rows only

]; SQL [SELECT
    b.book_id AS bookId,
    b.title AS title,
    b.price AS price,
    b.isbn AS ISBN,
    b.stock AS stock,
    STRING_AGG(DISTINCT a.name, ',') AS authorNames,
    p.name AS publisherName,
    c.name AS categoryName
FROM book b
LEFT JOIN category c
    ON b.category_id = c.category_id
LEFT JOIN book_author ba
    ON b.book_id = ba.book_id
LEFT JOIN author a
    ON ba.author_id = a.author_id
WHERE
    (? IS NULL OR b.title ILIKE '%' || ? || '%')
    AND (? IS NULL OR c.category_id = ?)
    AND (? IS NULL OR c.name ILIKE '%' || ? || '%')
    AND (? IS NULL OR a.author_id = ?)
    AND (? IS NULL OR a.name ILIKE '%' || ? || '%')
    AND (? IS NULL OR b.price >= ?)
    AND (? IS NULL OR b.price <= ?)
    AND (? IS NULL OR
         (? = true AND b.stock > 0)
         OR (? = false AND b.stock = 0)
)
GROUP BY
        b.book_id,
        b.title,
        b.price,
        b.isbn,
        b.stock,
        p.name,
        c.name fetch first ? rows only

]
	at org.springframework.orm.jpa.hibernate.HibernateExceptionTranslator.convertHibernateAccessException(HibernateExceptionTranslator.java:156) ~[spring-orm-7.0.8.jar:7.0.8]
	at org.springframework.orm.jpa.hibernate.HibernateExceptionTranslator.convertHibernateAccessException(HibernateExceptionTranslator.java:131) ~[spring-orm-7.0.8.jar:7.0.8]
	at org.springframework.orm.jpa.hibernate.HibernateExceptionTranslator.translateExceptionIfPossible(HibernateExceptionTranslator.java:105) ~[spring-orm-7.0.8.jar:7.0.8]
	at org.springframework.orm.jpa.vendor.HibernateJpaDialect.translateExceptionIfPossible(HibernateJpaDialect.java:223) ~[spring-orm-7.0.8.jar:7.0.8]
	at org.springframework.orm.jpa.AbstractEntityManagerFactoryBean.translateExceptionIfPossible(AbstractEntityManagerFactoryBean.java:577) ~[spring-orm-7.0.8.jar:7.0.8]
	at org.springframework.dao.support.ChainedPersistenceExceptionTranslator.translateExceptionIfPossible(ChainedPersistenceExceptionTranslator.java:61) ~[spring-tx-7.0.8.jar:7.0.8]
	at org.springframework.dao.support.DataAccessUtils.translateIfNecessary(DataAccessUtils.java:346) ~[spring-tx-7.0.8.jar:7.0.8]
	at org.springframework.dao.support.PersistenceExceptionTranslationInterceptor.invoke(PersistenceExceptionTranslationInterceptor.java:157) ~[spring-tx-7.0.8.jar:7.0.8]
	at org.springframework.aop.framework.ReflectiveMethodInvocation.proceed(ReflectiveMethodInvocation.java:179) ~[spring-aop-7.0.8.jar:7.0.8]
	at org.springframework.data.jpa.repository.support.CrudMethodMetadataPostProcessor$CrudMethodMetadataPopulatingMethodInterceptor.invoke(CrudMethodMetadataPostProcessor.java:137) ~[spring-data-jpa-4.1.0.jar:4.1.0]
	at org.springframework.aop.framework.ReflectiveMethodInvocation.proceed(ReflectiveMethodInvocation.java:179) ~[spring-aop-7.0.8.jar:7.0.8]
	at org.springframework.aop.framework.JdkDynamicAopProxy.invoke(JdkDynamicAopProxy.java:222) ~[spring-aop-7.0.8.jar:7.0.8]
	at jdk.proxy2/jdk.proxy2.$Proxy142.searchBooks(Unknown Source) ~[na:na]
	at com.tss.bookstore.service.BookServiceImpl.getAllBooks(BookServiceImpl.java:139) ~[classes/:na]
	at java.base/jdk.internal.reflect.DirectMethodHandleAccessor.invoke(DirectMethodHandleAccessor.java:104) ~[na:na]
	at java.base/java.lang.reflect.Method.invoke(Method.java:577) ~[na:na]
	at org.springframework.aop.support.AopUtils.invokeJoinpointUsingReflection(AopUtils.java:359) ~[spring-aop-7.0.8.jar:7.0.8]
	at org.springframework.aop.framework.CglibAopProxy$DynamicAdvisedInterceptor.intercept(CglibAopProxy.java:715) ~[spring-aop-7.0.8.jar:7.0.8]
	at com.tss.bookstore.service.BookServiceImpl$$SpringCGLIB$$0.getAllBooks(<generated>) ~[classes/:na]
	at com.tss.bookstore.controller.BookController.getAllBooks(BookController.java:53) ~[classes/:na]
	at java.base/jdk.internal.reflect.DirectMethodHandleAccessor.invoke(DirectMethodHandleAccessor.java:104) ~[na:na]
	at java.base/java.lang.reflect.Method.invoke(Method.java:577) ~[na:na]
	at org.springframework.web.method.support.InvocableHandlerMethod.doInvoke(InvocableHandlerMethod.java:252) ~[spring-web-7.0.8.jar:7.0.8]
	at org.springframework.web.method.support.InvocableHandlerMethod.invokeForRequest(InvocableHandlerMethod.java:184) ~[spring-web-7.0.8.jar:7.0.8]
	at org.springframework.web.servlet.mvc.method.annotation.ServletInvocableHandlerMethod.invokeAndHandle(ServletInvocableHandlerMethod.java:117) ~[spring-webmvc-7.0.8.jar:7.0.8]
	at org.springframework.web.servlet.mvc.method.annotation.RequestMappingHandlerAdapter.invokeHandlerMethod(RequestMappingHandlerAdapter.java:934) ~[spring-webmvc-7.0.8.jar:7.0.8]
	at org.springframework.web.servlet.mvc.method.annotation.RequestMappingHandlerAdapter.handleInternal(RequestMappingHandlerAdapter.java:853) ~[spring-webmvc-7.0.8.jar:7.0.8]
	at org.springframework.web.servlet.mvc.method.AbstractHandlerMethodAdapter.handle(AbstractHandlerMethodAdapter.java:86) ~[spring-webmvc-7.0.8.jar:7.0.8]
	at org.springframework.web.servlet.DispatcherServlet.doDispatch(DispatcherServlet.java:963) ~[spring-webmvc-7.0.8.jar:7.0.8]
	at org.springframework.web.servlet.DispatcherServlet.doService(DispatcherServlet.java:866) ~[spring-webmvc-7.0.8.jar:7.0.8]
	at org.springframework.web.servlet.FrameworkServlet.processRequest(FrameworkServlet.java:1000) ~[spring-webmvc-7.0.8.jar:7.0.8]
	at org.springframework.web.servlet.FrameworkServlet.doGet(FrameworkServlet.java:892) ~[spring-webmvc-7.0.8.jar:7.0.8]
	at jakarta.servlet.http.HttpServlet.service(HttpServlet.java:622) ~[tomcat-embed-core-11.0.22.jar:6.1]
	at org.springframework.web.servlet.FrameworkServlet.service(FrameworkServlet.java:874) ~[spring-webmvc-7.0.8.jar:7.0.8]
	at jakarta.servlet.http.HttpServlet.service(HttpServlet.java:710) ~[tomcat-embed-core-11.0.22.jar:6.1]
	at org.apache.catalina.core.ApplicationFilterChain.doFilter(ApplicationFilterChain.java:128) ~[tomcat-embed-core-11.0.22.jar:11.0.22]
	at org.apache.tomcat.websocket.server.WsFilter.doFilter(WsFilter.java:53) ~[tomcat-embed-websocket-11.0.22.jar:11.0.22]
	at org.apache.catalina.core.ApplicationFilterChain.doFilter(ApplicationFilterChain.java:107) ~[tomcat-embed-core-11.0.22.jar:11.0.22]
	at org.springframework.web.filter.RequestContextFilter.doFilterInternal(RequestContextFilter.java:100) ~[spring-web-7.0.8.jar:7.0.8]
	at org.springframework.web.filter.OncePerRequestFilter.doFilter(OncePerRequestFilter.java:116) ~[spring-web-7.0.8.jar:7.0.8]
	at org.apache.catalina.core.ApplicationFilterChain.doFilter(ApplicationFilterChain.java:107) ~[tomcat-embed-core-11.0.22.jar:11.0.22]
	at org.springframework.web.filter.FormContentFilter.doFilterInternal(FormContentFilter.java:93) ~[spring-web-7.0.8.jar:7.0.8]
	at org.springframework.web.filter.OncePerRequestFilter.doFilter(OncePerRequestFilter.java:116) ~[spring-web-7.0.8.jar:7.0.8]
	at org.apache.catalina.core.ApplicationFilterChain.doFilter(ApplicationFilterChain.java:107) ~[tomcat-embed-core-11.0.22.jar:11.0.22]
	at org.springframework.web.filter.CharacterEncodingFilter.doFilterInternal(CharacterEncodingFilter.java:199) ~[spring-web-7.0.8.jar:7.0.8]
	at org.springframework.web.filter.OncePerRequestFilter.doFilter(OncePerRequestFilter.java:116) ~[spring-web-7.0.8.jar:7.0.8]
	at org.apache.catalina.core.ApplicationFilterChain.doFilter(ApplicationFilterChain.java:107) ~[tomcat-embed-core-11.0.22.jar:11.0.22]
	at org.apache.catalina.core.StandardWrapperValve.invoke(StandardWrapperValve.java:165) ~[tomcat-embed-core-11.0.22.jar:11.0.22]
	at org.apache.catalina.core.StandardContextValve.invoke(StandardContextValve.java:77) ~[tomcat-embed-core-11.0.22.jar:11.0.22]
	at org.apache.catalina.authenticator.AuthenticatorBase.invoke(AuthenticatorBase.java:492) ~[tomcat-embed-core-11.0.22.jar:11.0.22]
	at org.apache.catalina.core.StandardHostValve.invoke(StandardHostValve.java:113) ~[tomcat-embed-core-11.0.22.jar:11.0.22]
	at org.apache.catalina.valves.ErrorReportValve.invoke(ErrorReportValve.java:83) ~[tomcat-embed-core-11.0.22.jar:11.0.22]
	at org.apache.catalina.core.StandardEngineValve.invoke(StandardEngineValve.java:72) ~[tomcat-embed-core-11.0.22.jar:11.0.22]
	at org.apache.catalina.connector.CoyoteAdapter.service(CoyoteAdapter.java:341) ~[tomcat-embed-core-11.0.22.jar:11.0.22]
	at org.apache.coyote.http11.Http11Processor.service(Http11Processor.java:397) ~[tomcat-embed-core-11.0.22.jar:11.0.22]
	at org.apache.coyote.AbstractProcessorLight.process(AbstractProcessorLight.java:63) ~[tomcat-embed-core-11.0.22.jar:11.0.22]
	at org.apache.coyote.AbstractProtocol$ConnectionHandler.process(AbstractProtocol.java:1272) ~[tomcat-embed-core-11.0.22.jar:11.0.22]
	at org.apache.tomcat.util.net.NioEndpoint$SocketProcessor.doRun(NioEndpoint.java:1801) ~[tomcat-embed-core-11.0.22.jar:11.0.22]
	at org.apache.tomcat.util.net.SocketProcessorBase.run(SocketProcessorBase.java:52) ~[tomcat-embed-core-11.0.22.jar:11.0.22]
	at org.apache.tomcat.util.threads.ThreadPoolExecutor.runWorker(ThreadPoolExecutor.java:946) ~[tomcat-embed-core-11.0.22.jar:11.0.22]
	at org.apache.tomcat.util.threads.ThreadPoolExecutor$Worker.run(ThreadPoolExecutor.java:480) ~[tomcat-embed-core-11.0.22.jar:11.0.22]
	at org.apache.tomcat.util.threads.TaskThread$WrappingRunnable.run(TaskThread.java:57) ~[tomcat-embed-core-11.0.22.jar:11.0.22]
	at java.base/java.lang.Thread.run(Thread.java:833) ~[na:na]
Caused by: org.hibernate.exception.SQLGrammarException: JDBC exception executing SQL [ERROR: missing FROM-clause entry for table "p"
  Position: 176] [SELECT
    b.book_id AS bookId,
    b.title AS title,
    b.price AS price,
    b.isbn AS ISBN,
    b.stock AS stock,
    STRING_AGG(DISTINCT a.name, ',') AS authorNames,
    p.name AS publisherName,
    c.name AS categoryName
FROM book b
LEFT JOIN category c
    ON b.category_id = c.category_id
LEFT JOIN book_author ba
    ON b.book_id = ba.book_id
LEFT JOIN author a
    ON ba.author_id = a.author_id
WHERE
    (? IS NULL OR b.title ILIKE '%' || ? || '%')
    AND (? IS NULL OR c.category_id = ?)
    AND (? IS NULL OR c.name ILIKE '%' || ? || '%')
    AND (? IS NULL OR a.author_id = ?)
    AND (? IS NULL OR a.name ILIKE '%' || ? || '%')
    AND (? IS NULL OR b.price >= ?)
    AND (? IS NULL OR b.price <= ?)
    AND (? IS NULL OR
         (? = true AND b.stock > 0)
         OR (? = false AND b.stock = 0)
)
GROUP BY
        b.book_id,
        b.title,
        b.price,
        b.isbn,
        b.stock,
        p.name,
        c.name fetch first ? rows only

]
	at org.hibernate.exception.internal.SQLStateConversionDelegate.convert(SQLStateConversionDelegate.java:63) ~[hibernate-core-7.4.1.Final.jar:7.4.1.Final]
	at org.hibernate.exception.internal.StandardSQLExceptionConverter.convert(StandardSQLExceptionConverter.java:34) ~[hibernate-core-7.4.1.Final.jar:7.4.1.Final]
	at org.hibernate.engine.jdbc.spi.SqlExceptionHelper.convert(SqlExceptionHelper.java:115) ~[hibernate-core-7.4.1.Final.jar:7.4.1.Final]
	at org.hibernate.sql.results.jdbc.internal.DeferredResultSetAccess.executeQuery(DeferredResultSetAccess.java:292) ~[hibernate-core-7.4.1.Final.jar:7.4.1.Final]
	at org.hibernate.sql.results.jdbc.internal.DeferredResultSetAccess.getResultSet(DeferredResultSetAccess.java:188) ~[hibernate-core-7.4.1.Final.jar:7.4.1.Final]
	at org.hibernate.sql.results.jdbc.internal.AbstractResultSetAccess.getResultSetMetaData(AbstractResultSetAccess.java:52) ~[hibernate-core-7.4.1.Final.jar:7.4.1.Final]
	at org.hibernate.sql.results.jdbc.internal.AbstractResultSetAccess.getColumnCount(AbstractResultSetAccess.java:66) ~[hibernate-core-7.4.1.Final.jar:7.4.1.Final]
	at org.hibernate.query.results.internal.ResultSetMappingImpl.resolve(ResultSetMappingImpl.java:183) ~[hibernate-core-7.4.1.Final.jar:7.4.1.Final]
	at org.hibernate.sql.exec.internal.JdbcSelectExecutorStandardImpl.resolveJdbcValues(JdbcSelectExecutorStandardImpl.java:409) ~[hibernate-core-7.4.1.Final.jar:7.4.1.Final]
	at org.hibernate.sql.exec.internal.JdbcSelectExecutorStandardImpl.resolveJdbcValuesSource(JdbcSelectExecutorStandardImpl.java:349) ~[hibernate-core-7.4.1.Final.jar:7.4.1.Final]
	at org.hibernate.sql.exec.internal.JdbcSelectExecutorStandardImpl.doExecuteQuery(JdbcSelectExecutorStandardImpl.java:143) ~[hibernate-core-7.4.1.Final.jar:7.4.1.Final]
	at org.hibernate.sql.exec.internal.JdbcSelectExecutorStandardImpl.executeQuery(JdbcSelectExecutorStandardImpl.java:100) ~[hibernate-core-7.4.1.Final.jar:7.4.1.Final]
	at org.hibernate.sql.exec.spi.JdbcSelectExecutor.executeQuery(JdbcSelectExecutor.java:63) ~[hibernate-core-7.4.1.Final.jar:7.4.1.Final]
	at org.hibernate.sql.exec.spi.JdbcSelectExecutor.list(JdbcSelectExecutor.java:137) ~[hibernate-core-7.4.1.Final.jar:7.4.1.Final]
	at org.hibernate.sql.exec.spi.JdbcSelectExecutor.list(JdbcSelectExecutor.java:114) ~[hibernate-core-7.4.1.Final.jar:7.4.1.Final]
	at org.hibernate.sql.exec.spi.JdbcSelectExecutor.list(JdbcSelectExecutor.java:104) ~[hibernate-core-7.4.1.Final.jar:7.4.1.Final]
	at org.hibernate.query.sql.internal.NativeSelectQueryPlanImpl.performList(NativeSelectQueryPlanImpl.java:138) ~[hibernate-core-7.4.1.Final.jar:7.4.1.Final]
	at org.hibernate.query.sql.internal.NativeQueryImpl.doList(NativeQueryImpl.java:756) ~[hibernate-core-7.4.1.Final.jar:7.4.1.Final]
	at org.hibernate.query.spi.AbstractSelectionQuery.list(AbstractSelectionQuery.java:153) ~[hibernate-core-7.4.1.Final.jar:7.4.1.Final]
	at org.hibernate.query.Query.getResultList(Query.java:121) ~[hibernate-core-7.4.1.Final.jar:7.4.1.Final]
	at org.springframework.data.jpa.repository.query.JpaQueryExecution$PagedExecution.doExecute(JpaQueryExecution.java:296) ~[spring-data-jpa-4.1.0.jar:4.1.0]
	at org.springframework.data.jpa.repository.query.JpaQueryExecution.execute(JpaQueryExecution.java:100) ~[spring-data-jpa-4.1.0.jar:4.1.0]
	at org.springframework.data.jpa.repository.query.AbstractJpaQuery.doExecute(AbstractJpaQuery.java:166) ~[spring-data-jpa-4.1.0.jar:4.1.0]
	at org.springframework.data.jpa.repository.query.AbstractJpaQuery.execute(AbstractJpaQuery.java:156) ~[spring-data-jpa-4.1.0.jar:4.1.0]
	at org.springframework.data.repository.core.support.RepositoryMethodInvoker.doInvoke(RepositoryMethodInvoker.java:169) ~[spring-data-commons-4.1.0.jar:4.1.0]
	at org.springframework.data.repository.core.support.RepositoryMethodInvoker.invoke(RepositoryMethodInvoker.java:158) ~[spring-data-commons-4.1.0.jar:4.1.0]
	at org.springframework.data.repository.core.support.QueryExecutorMethodInterceptor.doInvoke(QueryExecutorMethodInterceptor.java:167) ~[spring-data-commons-4.1.0.jar:4.1.0]
	at org.springframework.data.repository.core.support.QueryExecutorMethodInterceptor.invoke(QueryExecutorMethodInterceptor.java:146) ~[spring-data-commons-4.1.0.jar:4.1.0]
	at org.springframework.aop.framework.ReflectiveMethodInvocation.proceed(ReflectiveMethodInvocation.java:179) ~[spring-aop-7.0.8.jar:7.0.8]
	at org.springframework.data.projection.DefaultMethodInvokingMethodInterceptor.invoke(DefaultMethodInvokingMethodInterceptor.java:69) ~[spring-data-commons-4.1.0.jar:4.1.0]
	at org.springframework.aop.framework.ReflectiveMethodInvocation.proceed(ReflectiveMethodInvocation.java:179) ~[spring-aop-7.0.8.jar:7.0.8]
	at org.springframework.transaction.interceptor.TransactionInterceptor$1.proceedWithInvocation(TransactionInterceptor.java:133) ~[spring-tx-7.0.8.jar:7.0.8]
	at org.springframework.transaction.interceptor.TransactionAspectSupport.invokeWithinTransaction(TransactionAspectSupport.java:371) ~[spring-tx-7.0.8.jar:7.0.8]
	at org.springframework.transaction.interceptor.TransactionInterceptor.invoke(TransactionInterceptor.java:130) ~[spring-tx-7.0.8.jar:7.0.8]
	at org.springframework.aop.framework.ReflectiveMethodInvocation.proceed(ReflectiveMethodInvocation.java:179) ~[spring-aop-7.0.8.jar:7.0.8]
	at org.springframework.dao.support.PersistenceExceptionTranslationInterceptor.invoke(PersistenceExceptionTranslationInterceptor.java:135) ~[spring-tx-7.0.8.jar:7.0.8]
	... 55 common frames omitted
Caused by: org.postgresql.util.PSQLException: ERROR: missing FROM-clause entry for table "p"
  Position: 176
	at org.postgresql.core.v3.QueryExecutorImpl.receiveErrorResponse(QueryExecutorImpl.java:2904) ~[postgresql-42.7.11.jar:42.7.11]
	at org.postgresql.core.v3.QueryExecutorImpl.processResults(QueryExecutorImpl.java:2589) ~[postgresql-42.7.11.jar:42.7.11]
	at org.postgresql.core.v3.QueryExecutorImpl.execute(QueryExecutorImpl.java:431) ~[postgresql-42.7.11.jar:42.7.11]
	at org.postgresql.jdbc.PgStatement.executeInternal(PgStatement.java:534) ~[postgresql-42.7.11.jar:42.7.11]
	at org.postgresql.jdbc.PgStatement.execute(PgStatement.java:437) ~[postgresql-42.7.11.jar:42.7.11]
	at org.postgresql.jdbc.PgPreparedStatement.executeWithFlags(PgPreparedStatement.java:196) ~[postgresql-42.7.11.jar:42.7.11]
	at org.postgresql.jdbc.PgPreparedStatement.executeQuery(PgPreparedStatement.java:139) ~[postgresql-42.7.11.jar:42.7.11]
	at com.zaxxer.hikari.pool.ProxyPreparedStatement.executeQuery(ProxyPreparedStatement.java:52) ~[HikariCP-7.0.2.jar:na]
	at com.zaxxer.hikari.pool.HikariProxyPreparedStatement.executeQuery(HikariProxyPreparedStatement.java) ~[HikariCP-7.0.2.jar:na]
	at org.hibernate.sql.results.jdbc.internal.DeferredResultSetAccess.executeQuery(DeferredResultSetAccess.java:269) ~[hibernate-core-7.4.1.Final.jar:7.4.1.Final]
	... 87 common frames omitted

2026-08-04T19:05:56.620+05:30  INFO 5520 --- [bookstore] [SpringApplicationShutdownHook] o.s.boot.tomcat.GracefulShutdown         : Commencing graceful shutdown. Waiting for active requests to complete
2026-08-04T19:05:56.892+05:30  INFO 5520 --- [bookstore] [tomcat-shutdown] o.s.boot.tomcat.GracefulShutdown         : Graceful shutdown complete
2026-08-04T19:05:56.895+05:30  INFO 5520 --- [bookstore] [SpringApplicationShutdownHook] j.LocalContainerEntityManagerFactoryBean : Closing JPA EntityManagerFactory for persistence unit 'default'
2026-08-04T19:05:56.898+05:30  INFO 5520 --- [bookstore] [SpringApplicationShutdownHook] com.zaxxer.hikari.HikariDataSource       : HikariPool-1 - Shutdown initiated...
2026-08-04T19:05:56.901+05:30  INFO 5520 --- [bookstore] [SpringApplicationShutdownHook] com.zaxxer.hikari.HikariDataSource       : HikariPool-1 - Shutdown completed.
2026-08-04T19:06:02.988+05:30  INFO 7048 --- [bookstore] [main] com.tss.bookstore.BookstoreApplication   : Starting BookstoreApplication using Java 18.0.2.1 with PID 7048 (C:\prince\assignment1\bookstore\target\classes started by Prince.Kakadiya in C:\prince\assignment1\bookstore)
2026-08-04T19:06:02.999+05:30 DEBUG 7048 --- [bookstore] [main] com.tss.bookstore.BookstoreApplication   : Running with Spring Boot v4.1.0, Spring v7.0.8
2026-08-04T19:06:03.001+05:30  INFO 7048 --- [bookstore] [main] com.tss.bookstore.BookstoreApplication   : No active profile set, falling back to 1 default profile: "default"
2026-08-04T19:06:03.915+05:30  INFO 7048 --- [bookstore] [main] .s.d.r.c.RepositoryConfigurationDelegate : Bootstrapping Spring Data JPA repositories in DEFAULT mode.
2026-08-04T19:06:04.094+05:30  INFO 7048 --- [bookstore] [main] .s.d.r.c.RepositoryConfigurationDelegate : Finished Spring Data repository scanning in 170 ms. Found 9 JPA repository interfaces.
2026-08-04T19:06:04.640+05:30  INFO 7048 --- [bookstore] [main] o.s.boot.tomcat.TomcatWebServer          : Tomcat initialized with port 8080 (http)
2026-08-04T19:06:04.652+05:30  INFO 7048 --- [bookstore] [main] o.apache.catalina.core.StandardService   : Starting service [Tomcat]
2026-08-04T19:06:04.653+05:30  INFO 7048 --- [bookstore] [main] o.apache.catalina.core.StandardEngine    : Starting Servlet engine: [Apache Tomcat/11.0.22]
2026-08-04T19:06:04.734+05:30  INFO 7048 --- [bookstore] [main] b.w.c.s.WebApplicationContextInitializer : Root WebApplicationContext: initialization completed in 1648 ms
2026-08-04T19:06:04.939+05:30  INFO 7048 --- [bookstore] [main] org.hibernate.orm.jpa                    : HHH008540: Processing PersistenceUnitInfo [name: default]
2026-08-04T19:06:05.008+05:30  INFO 7048 --- [bookstore] [main] org.hibernate.orm.core                   : HHH000001: Hibernate ORM core version 7.4.1.Final
2026-08-04T19:06:05.523+05:30  INFO 7048 --- [bookstore] [main] o.s.o.j.p.SpringPersistenceUnitInfo      : No LoadTimeWeaver setup: ignoring JPA class transformer
2026-08-04T19:06:05.557+05:30  INFO 7048 --- [bookstore] [main] com.zaxxer.hikari.HikariDataSource       : HikariPool-1 - Starting...
2026-08-04T19:06:05.768+05:30  INFO 7048 --- [bookstore] [main] com.zaxxer.hikari.pool.HikariPool        : HikariPool-1 - Added connection org.postgresql.jdbc.PgConnection@48d5ca17
2026-08-04T19:06:05.770+05:30  INFO 7048 --- [bookstore] [main] com.zaxxer.hikari.HikariDataSource       : HikariPool-1 - Start completed.
2026-08-04T19:06:05.873+05:30  INFO 7048 --- [bookstore] [main] org.hibernate.orm.connections.pooling    : HHH10001005: Database info:
	Database JDBC URL [jdbc:postgresql://localhost:5432/bookstore_db]
	Database driver: PostgreSQL JDBC Driver
	Database dialect: PostgreSQLDialect
	Database version: 18.4
	Default catalog/schema: bookstore_db/public
	Autocommit mode: undefined/unknown
	Isolation level: READ_COMMITTED [default READ_COMMITTED]
	JDBC fetch size: none
	Pool: DataSourceConnectionProvider
	Minimum pool size: undefined/unknown
	Maximum pool size: undefined/unknown
2026-08-04T19:06:07.433+05:30  INFO 7048 --- [bookstore] [main] org.hibernate.orm.core                   : HHH000489: No JTA platform available (set 'hibernate.transaction.jta.platform' to enable JTA platform integration)
2026-08-04T19:06:07.579+05:30  INFO 7048 --- [bookstore] [main] j.LocalContainerEntityManagerFactoryBean : Initialized JPA EntityManagerFactory for persistence unit 'default'
2026-08-04T19:06:07.651+05:30  INFO 7048 --- [bookstore] [main] o.s.d.j.r.query.QueryEnhancerFactories   : Hibernate is in classpath; If applicable, HQL parser will be used.
2026-08-04T19:06:08.540+05:30  WARN 7048 --- [bookstore] [main] JpaBaseConfiguration$JpaWebConfiguration : spring.jpa.open-in-view is enabled by default. Therefore, database queries may be performed during view rendering. Explicitly configure spring.jpa.open-in-view to disable this warning
2026-08-04T19:06:08.840+05:30  INFO 7048 --- [bookstore] [main] o.s.boot.tomcat.TomcatWebServer          : Tomcat started on port 8080 (http) with context path '/'
2026-08-04T19:06:08.844+05:30  INFO 7048 --- [bookstore] [main] com.tss.bookstore.BookstoreApplication   : Started BookstoreApplication in 6.563 seconds (process running for 7.209)
2026-08-04T19:06:13.352+05:30  INFO 7048 --- [bookstore] [http-nio-8080-exec-1] o.a.c.c.C.[Tomcat].[localhost].[/]       : Initializing Spring DispatcherServlet 'dispatcherServlet'
2026-08-04T19:06:13.352+05:30  INFO 7048 --- [bookstore] [http-nio-8080-exec-1] o.s.web.servlet.DispatcherServlet        : Initializing Servlet 'dispatcherServlet'
2026-08-04T19:06:13.353+05:30  INFO 7048 --- [bookstore] [http-nio-8080-exec-1] o.s.web.servlet.DispatcherServlet        : Completed initialization in 1 ms
2026-08-04T19:06:13.401+05:30 DEBUG 7048 --- [bookstore] [http-nio-8080-exec-1] c.tss.bookstore.service.BookServiceImpl  : Fetching books. page=0, size=10
2026-08-04T19:06:13.495+05:30 ERROR 7048 --- [bookstore] [http-nio-8080-exec-1] c.t.b.exception.GlobalExceptionHandler   : Unexpected error occurred: Result class must have exactly one constructor with 8 parameters - found [''] in 'com.tss.bookstore.dto.BookResponseDto'

org.springframework.orm.jpa.JpaSystemException: Result class must have exactly one constructor with 8 parameters - found [''] in 'com.tss.bookstore.dto.BookResponseDto'
	at org.springframework.orm.jpa.hibernate.HibernateExceptionTranslator.convertHibernateAccessException(HibernateExceptionTranslator.java:223) ~[spring-orm-7.0.8.jar:7.0.8]
	at org.springframework.orm.jpa.hibernate.HibernateExceptionTranslator.convertHibernateAccessException(HibernateExceptionTranslator.java:131) ~[spring-orm-7.0.8.jar:7.0.8]
	at org.springframework.orm.jpa.hibernate.HibernateExceptionTranslator.translateExceptionIfPossible(HibernateExceptionTranslator.java:105) ~[spring-orm-7.0.8.jar:7.0.8]
	at org.springframework.orm.jpa.vendor.HibernateJpaDialect.translateExceptionIfPossible(HibernateJpaDialect.java:223) ~[spring-orm-7.0.8.jar:7.0.8]
	at org.springframework.orm.jpa.AbstractEntityManagerFactoryBean.translateExceptionIfPossible(AbstractEntityManagerFactoryBean.java:577) ~[spring-orm-7.0.8.jar:7.0.8]
	at org.springframework.dao.support.ChainedPersistenceExceptionTranslator.translateExceptionIfPossible(ChainedPersistenceExceptionTranslator.java:61) ~[spring-tx-7.0.8.jar:7.0.8]
	at org.springframework.dao.support.DataAccessUtils.translateIfNecessary(DataAccessUtils.java:346) ~[spring-tx-7.0.8.jar:7.0.8]
	at org.springframework.dao.support.PersistenceExceptionTranslationInterceptor.invoke(PersistenceExceptionTranslationInterceptor.java:157) ~[spring-tx-7.0.8.jar:7.0.8]
	at org.springframework.aop.framework.ReflectiveMethodInvocation.proceed(ReflectiveMethodInvocation.java:179) ~[spring-aop-7.0.8.jar:7.0.8]
	at org.springframework.data.jpa.repository.support.CrudMethodMetadataPostProcessor$CrudMethodMetadataPopulatingMethodInterceptor.invoke(CrudMethodMetadataPostProcessor.java:137) ~[spring-data-jpa-4.1.0.jar:4.1.0]
	at org.springframework.aop.framework.ReflectiveMethodInvocation.proceed(ReflectiveMethodInvocation.java:179) ~[spring-aop-7.0.8.jar:7.0.8]
	at org.springframework.aop.framework.JdkDynamicAopProxy.invoke(JdkDynamicAopProxy.java:222) ~[spring-aop-7.0.8.jar:7.0.8]
	at jdk.proxy2/jdk.proxy2.$Proxy142.searchBooks(Unknown Source) ~[na:na]
	at com.tss.bookstore.service.BookServiceImpl.getAllBooks(BookServiceImpl.java:139) ~[classes/:na]
	at java.base/jdk.internal.reflect.DirectMethodHandleAccessor.invoke(DirectMethodHandleAccessor.java:104) ~[na:na]
	at java.base/java.lang.reflect.Method.invoke(Method.java:577) ~[na:na]
	at org.springframework.aop.support.AopUtils.invokeJoinpointUsingReflection(AopUtils.java:359) ~[spring-aop-7.0.8.jar:7.0.8]
	at org.springframework.aop.framework.CglibAopProxy$DynamicAdvisedInterceptor.intercept(CglibAopProxy.java:715) ~[spring-aop-7.0.8.jar:7.0.8]
	at com.tss.bookstore.service.BookServiceImpl$$SpringCGLIB$$0.getAllBooks(<generated>) ~[classes/:na]
	at com.tss.bookstore.controller.BookController.getAllBooks(BookController.java:53) ~[classes/:na]
	at java.base/jdk.internal.reflect.DirectMethodHandleAccessor.invoke(DirectMethodHandleAccessor.java:104) ~[na:na]
	at java.base/java.lang.reflect.Method.invoke(Method.java:577) ~[na:na]
	at org.springframework.web.method.support.InvocableHandlerMethod.doInvoke(InvocableHandlerMethod.java:252) ~[spring-web-7.0.8.jar:7.0.8]
	at org.springframework.web.method.support.InvocableHandlerMethod.invokeForRequest(InvocableHandlerMethod.java:184) ~[spring-web-7.0.8.jar:7.0.8]
	at org.springframework.web.servlet.mvc.method.annotation.ServletInvocableHandlerMethod.invokeAndHandle(ServletInvocableHandlerMethod.java:117) ~[spring-webmvc-7.0.8.jar:7.0.8]
	at org.springframework.web.servlet.mvc.method.annotation.RequestMappingHandlerAdapter.invokeHandlerMethod(RequestMappingHandlerAdapter.java:934) ~[spring-webmvc-7.0.8.jar:7.0.8]
	at org.springframework.web.servlet.mvc.method.annotation.RequestMappingHandlerAdapter.handleInternal(RequestMappingHandlerAdapter.java:853) ~[spring-webmvc-7.0.8.jar:7.0.8]
	at org.springframework.web.servlet.mvc.method.AbstractHandlerMethodAdapter.handle(AbstractHandlerMethodAdapter.java:86) ~[spring-webmvc-7.0.8.jar:7.0.8]
	at org.springframework.web.servlet.DispatcherServlet.doDispatch(DispatcherServlet.java:963) ~[spring-webmvc-7.0.8.jar:7.0.8]
	at org.springframework.web.servlet.DispatcherServlet.doService(DispatcherServlet.java:866) ~[spring-webmvc-7.0.8.jar:7.0.8]
	at org.springframework.web.servlet.FrameworkServlet.processRequest(FrameworkServlet.java:1000) ~[spring-webmvc-7.0.8.jar:7.0.8]
	at org.springframework.web.servlet.FrameworkServlet.doGet(FrameworkServlet.java:892) ~[spring-webmvc-7.0.8.jar:7.0.8]
	at jakarta.servlet.http.HttpServlet.service(HttpServlet.java:622) ~[tomcat-embed-core-11.0.22.jar:6.1]
	at org.springframework.web.servlet.FrameworkServlet.service(FrameworkServlet.java:874) ~[spring-webmvc-7.0.8.jar:7.0.8]
	at jakarta.servlet.http.HttpServlet.service(HttpServlet.java:710) ~[tomcat-embed-core-11.0.22.jar:6.1]
	at org.apache.catalina.core.ApplicationFilterChain.doFilter(ApplicationFilterChain.java:128) ~[tomcat-embed-core-11.0.22.jar:11.0.22]
	at org.apache.tomcat.websocket.server.WsFilter.doFilter(WsFilter.java:53) ~[tomcat-embed-websocket-11.0.22.jar:11.0.22]
	at org.apache.catalina.core.ApplicationFilterChain.doFilter(ApplicationFilterChain.java:107) ~[tomcat-embed-core-11.0.22.jar:11.0.22]
	at org.springframework.web.filter.RequestContextFilter.doFilterInternal(RequestContextFilter.java:100) ~[spring-web-7.0.8.jar:7.0.8]
	at org.springframework.web.filter.OncePerRequestFilter.doFilter(OncePerRequestFilter.java:116) ~[spring-web-7.0.8.jar:7.0.8]
	at org.apache.catalina.core.ApplicationFilterChain.doFilter(ApplicationFilterChain.java:107) ~[tomcat-embed-core-11.0.22.jar:11.0.22]
	at org.springframework.web.filter.FormContentFilter.doFilterInternal(FormContentFilter.java:93) ~[spring-web-7.0.8.jar:7.0.8]
	at org.springframework.web.filter.OncePerRequestFilter.doFilter(OncePerRequestFilter.java:116) ~[spring-web-7.0.8.jar:7.0.8]
	at org.apache.catalina.core.ApplicationFilterChain.doFilter(ApplicationFilterChain.java:107) ~[tomcat-embed-core-11.0.22.jar:11.0.22]
	at org.springframework.web.filter.CharacterEncodingFilter.doFilterInternal(CharacterEncodingFilter.java:199) ~[spring-web-7.0.8.jar:7.0.8]
	at org.springframework.web.filter.OncePerRequestFilter.doFilter(OncePerRequestFilter.java:116) ~[spring-web-7.0.8.jar:7.0.8]
	at org.apache.catalina.core.ApplicationFilterChain.doFilter(ApplicationFilterChain.java:107) ~[tomcat-embed-core-11.0.22.jar:11.0.22]
	at org.apache.catalina.core.StandardWrapperValve.invoke(StandardWrapperValve.java:165) ~[tomcat-embed-core-11.0.22.jar:11.0.22]
	at org.apache.catalina.core.StandardContextValve.invoke(StandardContextValve.java:77) ~[tomcat-embed-core-11.0.22.jar:11.0.22]
	at org.apache.catalina.authenticator.AuthenticatorBase.invoke(AuthenticatorBase.java:492) ~[tomcat-embed-core-11.0.22.jar:11.0.22]
	at org.apache.catalina.core.StandardHostValve.invoke(StandardHostValve.java:113) ~[tomcat-embed-core-11.0.22.jar:11.0.22]
	at org.apache.catalina.valves.ErrorReportValve.invoke(ErrorReportValve.java:83) ~[tomcat-embed-core-11.0.22.jar:11.0.22]
	at org.apache.catalina.core.StandardEngineValve.invoke(StandardEngineValve.java:72) ~[tomcat-embed-core-11.0.22.jar:11.0.22]
	at org.apache.catalina.connector.CoyoteAdapter.service(CoyoteAdapter.java:341) ~[tomcat-embed-core-11.0.22.jar:11.0.22]
	at org.apache.coyote.http11.Http11Processor.service(Http11Processor.java:397) ~[tomcat-embed-core-11.0.22.jar:11.0.22]
	at org.apache.coyote.AbstractProcessorLight.process(AbstractProcessorLight.java:63) ~[tomcat-embed-core-11.0.22.jar:11.0.22]
	at org.apache.coyote.AbstractProtocol$ConnectionHandler.process(AbstractProtocol.java:1272) ~[tomcat-embed-core-11.0.22.jar:11.0.22]
	at org.apache.tomcat.util.net.NioEndpoint$SocketProcessor.doRun(NioEndpoint.java:1801) ~[tomcat-embed-core-11.0.22.jar:11.0.22]
	at org.apache.tomcat.util.net.SocketProcessorBase.run(SocketProcessorBase.java:52) ~[tomcat-embed-core-11.0.22.jar:11.0.22]
	at org.apache.tomcat.util.threads.ThreadPoolExecutor.runWorker(ThreadPoolExecutor.java:946) ~[tomcat-embed-core-11.0.22.jar:11.0.22]
	at org.apache.tomcat.util.threads.ThreadPoolExecutor$Worker.run(ThreadPoolExecutor.java:480) ~[tomcat-embed-core-11.0.22.jar:11.0.22]
	at org.apache.tomcat.util.threads.TaskThread$WrappingRunnable.run(TaskThread.java:57) ~[tomcat-embed-core-11.0.22.jar:11.0.22]
	at java.base/java.lang.Thread.run(Thread.java:833) ~[na:na]
Caused by: org.hibernate.InstantiationException: Result class must have exactly one constructor with 8 parameters - found [''] in 'com.tss.bookstore.dto.BookResponseDto'
	at org.hibernate.jpa.spi.NativeQueryConstructorTransformer.constructor(NativeQueryConstructorTransformer.java:94) ~[hibernate-core-7.4.1.Final.jar:7.4.1.Final]
	at org.hibernate.jpa.spi.NativeQueryConstructorTransformer.transformTuple(NativeQueryConstructorTransformer.java:102) ~[hibernate-core-7.4.1.Final.jar:7.4.1.Final]
	at org.hibernate.sql.results.internal.RowTransformerTupleTransformerAdapter.transformRow(RowTransformerTupleTransformerAdapter.java:27) ~[hibernate-core-7.4.1.Final.jar:7.4.1.Final]
	at org.hibernate.sql.results.internal.StandardRowReader.getResult(StandardRowReader.java:159) ~[hibernate-core-7.4.1.Final.jar:7.4.1.Final]
	at org.hibernate.sql.results.internal.StandardRowReader.readRow(StandardRowReader.java:138) ~[hibernate-core-7.4.1.Final.jar:7.4.1.Final]
	at org.hibernate.sql.results.spi.ListResultsConsumer.read(ListResultsConsumer.java:245) ~[hibernate-core-7.4.1.Final.jar:7.4.1.Final]
	at org.hibernate.sql.results.spi.ListResultsConsumer.readRows(ListResultsConsumer.java:235) ~[hibernate-core-7.4.1.Final.jar:7.4.1.Final]
	at org.hibernate.sql.results.spi.ListResultsConsumer.consume(ListResultsConsumer.java:164) ~[hibernate-core-7.4.1.Final.jar:7.4.1.Final]
	at org.hibernate.sql.results.spi.ListResultsConsumer.consume(ListResultsConsumer.java:31) ~[hibernate-core-7.4.1.Final.jar:7.4.1.Final]
	at org.hibernate.sql.exec.internal.JdbcSelectExecutorStandardImpl.doExecuteQuery(JdbcSelectExecutorStandardImpl.java:213) ~[hibernate-core-7.4.1.Final.jar:7.4.1.Final]
	at org.hibernate.sql.exec.internal.JdbcSelectExecutorStandardImpl.executeQuery(JdbcSelectExecutorStandardImpl.java:100) ~[hibernate-core-7.4.1.Final.jar:7.4.1.Final]
	at org.hibernate.sql.exec.spi.JdbcSelectExecutor.executeQuery(JdbcSelectExecutor.java:63) ~[hibernate-core-7.4.1.Final.jar:7.4.1.Final]
	at org.hibernate.sql.exec.spi.JdbcSelectExecutor.list(JdbcSelectExecutor.java:137) ~[hibernate-core-7.4.1.Final.jar:7.4.1.Final]
	at org.hibernate.sql.exec.spi.JdbcSelectExecutor.list(JdbcSelectExecutor.java:114) ~[hibernate-core-7.4.1.Final.jar:7.4.1.Final]
	at org.hibernate.sql.exec.spi.JdbcSelectExecutor.list(JdbcSelectExecutor.java:104) ~[hibernate-core-7.4.1.Final.jar:7.4.1.Final]
	at org.hibernate.query.sql.internal.NativeSelectQueryPlanImpl.performList(NativeSelectQueryPlanImpl.java:138) ~[hibernate-core-7.4.1.Final.jar:7.4.1.Final]
	at org.hibernate.query.sql.internal.NativeQueryImpl.doList(NativeQueryImpl.java:756) ~[hibernate-core-7.4.1.Final.jar:7.4.1.Final]
	at org.hibernate.query.spi.AbstractSelectionQuery.list(AbstractSelectionQuery.java:153) ~[hibernate-core-7.4.1.Final.jar:7.4.1.Final]
	at org.hibernate.query.Query.getResultList(Query.java:121) ~[hibernate-core-7.4.1.Final.jar:7.4.1.Final]
	at org.springframework.data.jpa.repository.query.JpaQueryExecution$PagedExecution.doExecute(JpaQueryExecution.java:296) ~[spring-data-jpa-4.1.0.jar:4.1.0]
	at org.springframework.data.jpa.repository.query.JpaQueryExecution.execute(JpaQueryExecution.java:100) ~[spring-data-jpa-4.1.0.jar:4.1.0]
	at org.springframework.data.jpa.repository.query.AbstractJpaQuery.doExecute(AbstractJpaQuery.java:166) ~[spring-data-jpa-4.1.0.jar:4.1.0]
	at org.springframework.data.jpa.repository.query.AbstractJpaQuery.execute(AbstractJpaQuery.java:156) ~[spring-data-jpa-4.1.0.jar:4.1.0]
	at org.springframework.data.repository.core.support.RepositoryMethodInvoker.doInvoke(RepositoryMethodInvoker.java:169) ~[spring-data-commons-4.1.0.jar:4.1.0]
	at org.springframework.data.repository.core.support.RepositoryMethodInvoker.invoke(RepositoryMethodInvoker.java:158) ~[spring-data-commons-4.1.0.jar:4.1.0]
	at org.springframework.data.repository.core.support.QueryExecutorMethodInterceptor.doInvoke(QueryExecutorMethodInterceptor.java:167) ~[spring-data-commons-4.1.0.jar:4.1.0]
	at org.springframework.data.repository.core.support.QueryExecutorMethodInterceptor.invoke(QueryExecutorMethodInterceptor.java:146) ~[spring-data-commons-4.1.0.jar:4.1.0]
	at org.springframework.aop.framework.ReflectiveMethodInvocation.proceed(ReflectiveMethodInvocation.java:179) ~[spring-aop-7.0.8.jar:7.0.8]
	at org.springframework.data.projection.DefaultMethodInvokingMethodInterceptor.invoke(DefaultMethodInvokingMethodInterceptor.java:69) ~[spring-data-commons-4.1.0.jar:4.1.0]
	at org.springframework.aop.framework.ReflectiveMethodInvocation.proceed(ReflectiveMethodInvocation.java:179) ~[spring-aop-7.0.8.jar:7.0.8]
	at org.springframework.transaction.interceptor.TransactionInterceptor$1.proceedWithInvocation(TransactionInterceptor.java:133) ~[spring-tx-7.0.8.jar:7.0.8]
	at org.springframework.transaction.interceptor.TransactionAspectSupport.invokeWithinTransaction(TransactionAspectSupport.java:371) ~[spring-tx-7.0.8.jar:7.0.8]
	at org.springframework.transaction.interceptor.TransactionInterceptor.invoke(TransactionInterceptor.java:130) ~[spring-tx-7.0.8.jar:7.0.8]
	at org.springframework.aop.framework.ReflectiveMethodInvocation.proceed(ReflectiveMethodInvocation.java:179) ~[spring-aop-7.0.8.jar:7.0.8]
	at org.springframework.dao.support.PersistenceExceptionTranslationInterceptor.invoke(PersistenceExceptionTranslationInterceptor.java:135) ~[spring-tx-7.0.8.jar:7.0.8]
	... 55 common frames omitted

2026-08-04T19:06:53.621+05:30  INFO 7048 --- [bookstore] [SpringApplicationShutdownHook] o.s.boot.tomcat.GracefulShutdown         : Commencing graceful shutdown. Waiting for active requests to complete
2026-08-04T19:06:53.889+05:30  INFO 7048 --- [bookstore] [tomcat-shutdown] o.s.boot.tomcat.GracefulShutdown         : Graceful shutdown complete
2026-08-04T19:06:53.893+05:30  INFO 7048 --- [bookstore] [SpringApplicationShutdownHook] j.LocalContainerEntityManagerFactoryBean : Closing JPA EntityManagerFactory for persistence unit 'default'
2026-08-04T19:06:53.895+05:30  INFO 7048 --- [bookstore] [SpringApplicationShutdownHook] com.zaxxer.hikari.HikariDataSource       : HikariPool-1 - Shutdown initiated...
2026-08-04T19:06:53.898+05:30  INFO 7048 --- [bookstore] [SpringApplicationShutdownHook] com.zaxxer.hikari.HikariDataSource       : HikariPool-1 - Shutdown completed.
2026-08-04T19:07:03.912+05:30  INFO 19164 --- [bookstore] [main] com.tss.bookstore.BookstoreApplication   : Starting BookstoreApplication using Java 18.0.2.1 with PID 19164 (C:\prince\assignment1\bookstore\target\classes started by Prince.Kakadiya in C:\prince\assignment1\bookstore)
2026-08-04T19:07:03.922+05:30 DEBUG 19164 --- [bookstore] [main] com.tss.bookstore.BookstoreApplication   : Running with Spring Boot v4.1.0, Spring v7.0.8
2026-08-04T19:07:03.923+05:30  INFO 19164 --- [bookstore] [main] com.tss.bookstore.BookstoreApplication   : No active profile set, falling back to 1 default profile: "default"
2026-08-04T19:07:04.659+05:30  INFO 19164 --- [bookstore] [main] .s.d.r.c.RepositoryConfigurationDelegate : Bootstrapping Spring Data JPA repositories in DEFAULT mode.
2026-08-04T19:07:04.735+05:30  INFO 19164 --- [bookstore] [main] .s.d.r.c.RepositoryConfigurationDelegate : Finished Spring Data repository scanning in 68 ms. Found 9 JPA repository interfaces.
2026-08-04T19:07:05.209+05:30  INFO 19164 --- [bookstore] [main] o.s.boot.tomcat.TomcatWebServer          : Tomcat initialized with port 8080 (http)
2026-08-04T19:07:05.221+05:30  INFO 19164 --- [bookstore] [main] o.apache.catalina.core.StandardService   : Starting service [Tomcat]
2026-08-04T19:07:05.222+05:30  INFO 19164 --- [bookstore] [main] o.apache.catalina.core.StandardEngine    : Starting Servlet engine: [Apache Tomcat/11.0.22]
2026-08-04T19:07:05.302+05:30  INFO 19164 --- [bookstore] [main] b.w.c.s.WebApplicationContextInitializer : Root WebApplicationContext: initialization completed in 1330 ms
2026-08-04T19:07:05.463+05:30  INFO 19164 --- [bookstore] [main] org.hibernate.orm.jpa                    : HHH008540: Processing PersistenceUnitInfo [name: default]
2026-08-04T19:07:05.513+05:30  INFO 19164 --- [bookstore] [main] org.hibernate.orm.core                   : HHH000001: Hibernate ORM core version 7.4.1.Final
2026-08-04T19:07:05.921+05:30  INFO 19164 --- [bookstore] [main] o.s.o.j.p.SpringPersistenceUnitInfo      : No LoadTimeWeaver setup: ignoring JPA class transformer
2026-08-04T19:07:05.951+05:30  INFO 19164 --- [bookstore] [main] com.zaxxer.hikari.HikariDataSource       : HikariPool-1 - Starting...
2026-08-04T19:07:06.142+05:30  INFO 19164 --- [bookstore] [main] com.zaxxer.hikari.pool.HikariPool        : HikariPool-1 - Added connection org.postgresql.jdbc.PgConnection@42d174ad
2026-08-04T19:07:06.144+05:30  INFO 19164 --- [bookstore] [main] com.zaxxer.hikari.HikariDataSource       : HikariPool-1 - Start completed.
2026-08-04T19:07:06.213+05:30  INFO 19164 --- [bookstore] [main] org.hibernate.orm.connections.pooling    : HHH10001005: Database info:
	Database JDBC URL [jdbc:postgresql://localhost:5432/bookstore_db]
	Database driver: PostgreSQL JDBC Driver
	Database dialect: PostgreSQLDialect
	Database version: 18.4
	Default catalog/schema: bookstore_db/public
	Autocommit mode: undefined/unknown
	Isolation level: READ_COMMITTED [default READ_COMMITTED]
	JDBC fetch size: none
	Pool: DataSourceConnectionProvider
	Minimum pool size: undefined/unknown
	Maximum pool size: undefined/unknown
2026-08-04T19:07:07.685+05:30  INFO 19164 --- [bookstore] [main] org.hibernate.orm.core                   : HHH000489: No JTA platform available (set 'hibernate.transaction.jta.platform' to enable JTA platform integration)
2026-08-04T19:07:07.783+05:30  INFO 19164 --- [bookstore] [main] j.LocalContainerEntityManagerFactoryBean : Initialized JPA EntityManagerFactory for persistence unit 'default'
2026-08-04T19:07:07.846+05:30  INFO 19164 --- [bookstore] [main] o.s.d.j.r.query.QueryEnhancerFactories   : Hibernate is in classpath; If applicable, HQL parser will be used.
2026-08-04T19:07:08.770+05:30  WARN 19164 --- [bookstore] [main] JpaBaseConfiguration$JpaWebConfiguration : spring.jpa.open-in-view is enabled by default. Therefore, database queries may be performed during view rendering. Explicitly configure spring.jpa.open-in-view to disable this warning
2026-08-04T19:07:09.097+05:30  INFO 19164 --- [bookstore] [main] o.s.boot.tomcat.TomcatWebServer          : Tomcat started on port 8080 (http) with context path '/'
2026-08-04T19:07:09.103+05:30  INFO 19164 --- [bookstore] [main] com.tss.bookstore.BookstoreApplication   : Started BookstoreApplication in 5.736 seconds (process running for 6.606)
2026-08-04T19:07:11.626+05:30  INFO 19164 --- [bookstore] [http-nio-8080-exec-1] o.a.c.c.C.[Tomcat].[localhost].[/]       : Initializing Spring DispatcherServlet 'dispatcherServlet'
2026-08-04T19:07:11.626+05:30  INFO 19164 --- [bookstore] [http-nio-8080-exec-1] o.s.web.servlet.DispatcherServlet        : Initializing Servlet 'dispatcherServlet'
2026-08-04T19:07:11.632+05:30  INFO 19164 --- [bookstore] [http-nio-8080-exec-1] o.s.web.servlet.DispatcherServlet        : Completed initialization in 2 ms
2026-08-04T19:07:11.698+05:30 DEBUG 19164 --- [bookstore] [http-nio-8080-exec-1] c.tss.bookstore.service.BookServiceImpl  : Fetching books. page=0, size=10
2026-08-04T19:07:11.801+05:30 ERROR 19164 --- [bookstore] [http-nio-8080-exec-1] c.t.b.exception.GlobalExceptionHandler   : Unexpected error occurred: Could not instantiate query result type - expected 'BookResponseDto(Long, String, Double, String, Integer, Set, String, String)' but found 'BookResponseDto(Long, String, Double, null, Integer, String, String, String)' in 'com.tss.bookstore.dto.BookResponseDto' due to: argument type mismatch

org.springframework.orm.jpa.JpaSystemException: Could not instantiate query result type - expected 'BookResponseDto(Long, String, Double, String, Integer, Set, String, String)' but found 'BookResponseDto(Long, String, Double, null, Integer, String, String, String)' in 'com.tss.bookstore.dto.BookResponseDto' due to: argument type mismatch
	at org.springframework.orm.jpa.hibernate.HibernateExceptionTranslator.convertHibernateAccessException(HibernateExceptionTranslator.java:223) ~[spring-orm-7.0.8.jar:7.0.8]
	at org.springframework.orm.jpa.hibernate.HibernateExceptionTranslator.convertHibernateAccessException(HibernateExceptionTranslator.java:131) ~[spring-orm-7.0.8.jar:7.0.8]
	at org.springframework.orm.jpa.hibernate.HibernateExceptionTranslator.translateExceptionIfPossible(HibernateExceptionTranslator.java:105) ~[spring-orm-7.0.8.jar:7.0.8]
	at org.springframework.orm.jpa.vendor.HibernateJpaDialect.translateExceptionIfPossible(HibernateJpaDialect.java:223) ~[spring-orm-7.0.8.jar:7.0.8]
	at org.springframework.orm.jpa.AbstractEntityManagerFactoryBean.translateExceptionIfPossible(AbstractEntityManagerFactoryBean.java:577) ~[spring-orm-7.0.8.jar:7.0.8]
	at org.springframework.dao.support.ChainedPersistenceExceptionTranslator.translateExceptionIfPossible(ChainedPersistenceExceptionTranslator.java:61) ~[spring-tx-7.0.8.jar:7.0.8]
	at org.springframework.dao.support.DataAccessUtils.translateIfNecessary(DataAccessUtils.java:346) ~[spring-tx-7.0.8.jar:7.0.8]
	at org.springframework.dao.support.PersistenceExceptionTranslationInterceptor.invoke(PersistenceExceptionTranslationInterceptor.java:157) ~[spring-tx-7.0.8.jar:7.0.8]
	at org.springframework.aop.framework.ReflectiveMethodInvocation.proceed(ReflectiveMethodInvocation.java:179) ~[spring-aop-7.0.8.jar:7.0.8]
	at org.springframework.data.jpa.repository.support.CrudMethodMetadataPostProcessor$CrudMethodMetadataPopulatingMethodInterceptor.invoke(CrudMethodMetadataPostProcessor.java:137) ~[spring-data-jpa-4.1.0.jar:4.1.0]
	at org.springframework.aop.framework.ReflectiveMethodInvocation.proceed(ReflectiveMethodInvocation.java:179) ~[spring-aop-7.0.8.jar:7.0.8]
	at org.springframework.aop.framework.JdkDynamicAopProxy.invoke(JdkDynamicAopProxy.java:222) ~[spring-aop-7.0.8.jar:7.0.8]
	at jdk.proxy2/jdk.proxy2.$Proxy142.searchBooks(Unknown Source) ~[na:na]
	at com.tss.bookstore.service.BookServiceImpl.getAllBooks(BookServiceImpl.java:139) ~[classes/:na]
	at java.base/jdk.internal.reflect.DirectMethodHandleAccessor.invoke(DirectMethodHandleAccessor.java:104) ~[na:na]
	at java.base/java.lang.reflect.Method.invoke(Method.java:577) ~[na:na]
	at org.springframework.aop.support.AopUtils.invokeJoinpointUsingReflection(AopUtils.java:359) ~[spring-aop-7.0.8.jar:7.0.8]
	at org.springframework.aop.framework.CglibAopProxy$DynamicAdvisedInterceptor.intercept(CglibAopProxy.java:715) ~[spring-aop-7.0.8.jar:7.0.8]
	at com.tss.bookstore.service.BookServiceImpl$$SpringCGLIB$$0.getAllBooks(<generated>) ~[classes/:na]
	at com.tss.bookstore.controller.BookController.getAllBooks(BookController.java:53) ~[classes/:na]
	at java.base/jdk.internal.reflect.DirectMethodHandleAccessor.invoke(DirectMethodHandleAccessor.java:104) ~[na:na]
	at java.base/java.lang.reflect.Method.invoke(Method.java:577) ~[na:na]
	at org.springframework.web.method.support.InvocableHandlerMethod.doInvoke(InvocableHandlerMethod.java:252) ~[spring-web-7.0.8.jar:7.0.8]
	at org.springframework.web.method.support.InvocableHandlerMethod.invokeForRequest(InvocableHandlerMethod.java:184) ~[spring-web-7.0.8.jar:7.0.8]
	at org.springframework.web.servlet.mvc.method.annotation.ServletInvocableHandlerMethod.invokeAndHandle(ServletInvocableHandlerMethod.java:117) ~[spring-webmvc-7.0.8.jar:7.0.8]
	at org.springframework.web.servlet.mvc.method.annotation.RequestMappingHandlerAdapter.invokeHandlerMethod(RequestMappingHandlerAdapter.java:934) ~[spring-webmvc-7.0.8.jar:7.0.8]
	at org.springframework.web.servlet.mvc.method.annotation.RequestMappingHandlerAdapter.handleInternal(RequestMappingHandlerAdapter.java:853) ~[spring-webmvc-7.0.8.jar:7.0.8]
	at org.springframework.web.servlet.mvc.method.AbstractHandlerMethodAdapter.handle(AbstractHandlerMethodAdapter.java:86) ~[spring-webmvc-7.0.8.jar:7.0.8]
	at org.springframework.web.servlet.DispatcherServlet.doDispatch(DispatcherServlet.java:963) ~[spring-webmvc-7.0.8.jar:7.0.8]
	at org.springframework.web.servlet.DispatcherServlet.doService(DispatcherServlet.java:866) ~[spring-webmvc-7.0.8.jar:7.0.8]
	at org.springframework.web.servlet.FrameworkServlet.processRequest(FrameworkServlet.java:1000) ~[spring-webmvc-7.0.8.jar:7.0.8]
	at org.springframework.web.servlet.FrameworkServlet.doGet(FrameworkServlet.java:892) ~[spring-webmvc-7.0.8.jar:7.0.8]
	at jakarta.servlet.http.HttpServlet.service(HttpServlet.java:622) ~[tomcat-embed-core-11.0.22.jar:6.1]
	at org.springframework.web.servlet.FrameworkServlet.service(FrameworkServlet.java:874) ~[spring-webmvc-7.0.8.jar:7.0.8]
	at jakarta.servlet.http.HttpServlet.service(HttpServlet.java:710) ~[tomcat-embed-core-11.0.22.jar:6.1]
	at org.apache.catalina.core.ApplicationFilterChain.doFilter(ApplicationFilterChain.java:128) ~[tomcat-embed-core-11.0.22.jar:11.0.22]
	at org.apache.tomcat.websocket.server.WsFilter.doFilter(WsFilter.java:53) ~[tomcat-embed-websocket-11.0.22.jar:11.0.22]
	at org.apache.catalina.core.ApplicationFilterChain.doFilter(ApplicationFilterChain.java:107) ~[tomcat-embed-core-11.0.22.jar:11.0.22]
	at org.springframework.web.filter.RequestContextFilter.doFilterInternal(RequestContextFilter.java:100) ~[spring-web-7.0.8.jar:7.0.8]
	at org.springframework.web.filter.OncePerRequestFilter.doFilter(OncePerRequestFilter.java:116) ~[spring-web-7.0.8.jar:7.0.8]
	at org.apache.catalina.core.ApplicationFilterChain.doFilter(ApplicationFilterChain.java:107) ~[tomcat-embed-core-11.0.22.jar:11.0.22]
	at org.springframework.web.filter.FormContentFilter.doFilterInternal(FormContentFilter.java:93) ~[spring-web-7.0.8.jar:7.0.8]
	at org.springframework.web.filter.OncePerRequestFilter.doFilter(OncePerRequestFilter.java:116) ~[spring-web-7.0.8.jar:7.0.8]
	at org.apache.catalina.core.ApplicationFilterChain.doFilter(ApplicationFilterChain.java:107) ~[tomcat-embed-core-11.0.22.jar:11.0.22]
	at org.springframework.web.filter.CharacterEncodingFilter.doFilterInternal(CharacterEncodingFilter.java:199) ~[spring-web-7.0.8.jar:7.0.8]
	at org.springframework.web.filter.OncePerRequestFilter.doFilter(OncePerRequestFilter.java:116) ~[spring-web-7.0.8.jar:7.0.8]
	at org.apache.catalina.core.ApplicationFilterChain.doFilter(ApplicationFilterChain.java:107) ~[tomcat-embed-core-11.0.22.jar:11.0.22]
	at org.apache.catalina.core.StandardWrapperValve.invoke(StandardWrapperValve.java:165) ~[tomcat-embed-core-11.0.22.jar:11.0.22]
	at org.apache.catalina.core.StandardContextValve.invoke(StandardContextValve.java:77) ~[tomcat-embed-core-11.0.22.jar:11.0.22]
	at org.apache.catalina.authenticator.AuthenticatorBase.invoke(AuthenticatorBase.java:492) ~[tomcat-embed-core-11.0.22.jar:11.0.22]
	at org.apache.catalina.core.StandardHostValve.invoke(StandardHostValve.java:113) ~[tomcat-embed-core-11.0.22.jar:11.0.22]
	at org.apache.catalina.valves.ErrorReportValve.invoke(ErrorReportValve.java:83) ~[tomcat-embed-core-11.0.22.jar:11.0.22]
	at org.apache.catalina.core.StandardEngineValve.invoke(StandardEngineValve.java:72) ~[tomcat-embed-core-11.0.22.jar:11.0.22]
	at org.apache.catalina.connector.CoyoteAdapter.service(CoyoteAdapter.java:341) ~[tomcat-embed-core-11.0.22.jar:11.0.22]
	at org.apache.coyote.http11.Http11Processor.service(Http11Processor.java:397) ~[tomcat-embed-core-11.0.22.jar:11.0.22]
	at org.apache.coyote.AbstractProcessorLight.process(AbstractProcessorLight.java:63) ~[tomcat-embed-core-11.0.22.jar:11.0.22]
	at org.apache.coyote.AbstractProtocol$ConnectionHandler.process(AbstractProtocol.java:1272) ~[tomcat-embed-core-11.0.22.jar:11.0.22]
	at org.apache.tomcat.util.net.NioEndpoint$SocketProcessor.doRun(NioEndpoint.java:1801) ~[tomcat-embed-core-11.0.22.jar:11.0.22]
	at org.apache.tomcat.util.net.SocketProcessorBase.run(SocketProcessorBase.java:52) ~[tomcat-embed-core-11.0.22.jar:11.0.22]
	at org.apache.tomcat.util.threads.ThreadPoolExecutor.runWorker(ThreadPoolExecutor.java:946) ~[tomcat-embed-core-11.0.22.jar:11.0.22]
	at org.apache.tomcat.util.threads.ThreadPoolExecutor$Worker.run(ThreadPoolExecutor.java:480) ~[tomcat-embed-core-11.0.22.jar:11.0.22]
	at org.apache.tomcat.util.threads.TaskThread$WrappingRunnable.run(TaskThread.java:57) ~[tomcat-embed-core-11.0.22.jar:11.0.22]
	at java.base/java.lang.Thread.run(Thread.java:833) ~[na:na]
Caused by: org.hibernate.InstantiationException: Could not instantiate query result type - expected 'BookResponseDto(Long, String, Double, String, Integer, Set, String, String)' but found 'BookResponseDto(Long, String, Double, null, Integer, String, String, String)' in 'com.tss.bookstore.dto.BookResponseDto' due to: argument type mismatch
	at org.hibernate.jpa.spi.NativeQueryConstructorTransformer.transformTuple(NativeQueryConstructorTransformer.java:122) ~[hibernate-core-7.4.1.Final.jar:7.4.1.Final]
	at org.hibernate.sql.results.internal.RowTransformerTupleTransformerAdapter.transformRow(RowTransformerTupleTransformerAdapter.java:27) ~[hibernate-core-7.4.1.Final.jar:7.4.1.Final]
	at org.hibernate.sql.results.internal.StandardRowReader.getResult(StandardRowReader.java:159) ~[hibernate-core-7.4.1.Final.jar:7.4.1.Final]
	at org.hibernate.sql.results.internal.StandardRowReader.readRow(StandardRowReader.java:138) ~[hibernate-core-7.4.1.Final.jar:7.4.1.Final]
	at org.hibernate.sql.results.spi.ListResultsConsumer.read(ListResultsConsumer.java:245) ~[hibernate-core-7.4.1.Final.jar:7.4.1.Final]
	at org.hibernate.sql.results.spi.ListResultsConsumer.readRows(ListResultsConsumer.java:235) ~[hibernate-core-7.4.1.Final.jar:7.4.1.Final]
	at org.hibernate.sql.results.spi.ListResultsConsumer.consume(ListResultsConsumer.java:164) ~[hibernate-core-7.4.1.Final.jar:7.4.1.Final]
	at org.hibernate.sql.results.spi.ListResultsConsumer.consume(ListResultsConsumer.java:31) ~[hibernate-core-7.4.1.Final.jar:7.4.1.Final]
	at org.hibernate.sql.exec.internal.JdbcSelectExecutorStandardImpl.doExecuteQuery(JdbcSelectExecutorStandardImpl.java:213) ~[hibernate-core-7.4.1.Final.jar:7.4.1.Final]
	at org.hibernate.sql.exec.internal.JdbcSelectExecutorStandardImpl.executeQuery(JdbcSelectExecutorStandardImpl.java:100) ~[hibernate-core-7.4.1.Final.jar:7.4.1.Final]
	at org.hibernate.sql.exec.spi.JdbcSelectExecutor.executeQuery(JdbcSelectExecutor.java:63) ~[hibernate-core-7.4.1.Final.jar:7.4.1.Final]
	at org.hibernate.sql.exec.spi.JdbcSelectExecutor.list(JdbcSelectExecutor.java:137) ~[hibernate-core-7.4.1.Final.jar:7.4.1.Final]
	at org.hibernate.sql.exec.spi.JdbcSelectExecutor.list(JdbcSelectExecutor.java:114) ~[hibernate-core-7.4.1.Final.jar:7.4.1.Final]
	at org.hibernate.sql.exec.spi.JdbcSelectExecutor.list(JdbcSelectExecutor.java:104) ~[hibernate-core-7.4.1.Final.jar:7.4.1.Final]
	at org.hibernate.query.sql.internal.NativeSelectQueryPlanImpl.performList(NativeSelectQueryPlanImpl.java:138) ~[hibernate-core-7.4.1.Final.jar:7.4.1.Final]
	at org.hibernate.query.sql.internal.NativeQueryImpl.doList(NativeQueryImpl.java:756) ~[hibernate-core-7.4.1.Final.jar:7.4.1.Final]
	at org.hibernate.query.spi.AbstractSelectionQuery.list(AbstractSelectionQuery.java:153) ~[hibernate-core-7.4.1.Final.jar:7.4.1.Final]
	at org.hibernate.query.Query.getResultList(Query.java:121) ~[hibernate-core-7.4.1.Final.jar:7.4.1.Final]
	at org.springframework.data.jpa.repository.query.JpaQueryExecution$PagedExecution.doExecute(JpaQueryExecution.java:296) ~[spring-data-jpa-4.1.0.jar:4.1.0]
	at org.springframework.data.jpa.repository.query.JpaQueryExecution.execute(JpaQueryExecution.java:100) ~[spring-data-jpa-4.1.0.jar:4.1.0]
	at org.springframework.data.jpa.repository.query.AbstractJpaQuery.doExecute(AbstractJpaQuery.java:166) ~[spring-data-jpa-4.1.0.jar:4.1.0]
	at org.springframework.data.jpa.repository.query.AbstractJpaQuery.execute(AbstractJpaQuery.java:156) ~[spring-data-jpa-4.1.0.jar:4.1.0]
	at org.springframework.data.repository.core.support.RepositoryMethodInvoker.doInvoke(RepositoryMethodInvoker.java:169) ~[spring-data-commons-4.1.0.jar:4.1.0]
	at org.springframework.data.repository.core.support.RepositoryMethodInvoker.invoke(RepositoryMethodInvoker.java:158) ~[spring-data-commons-4.1.0.jar:4.1.0]
	at org.springframework.data.repository.core.support.QueryExecutorMethodInterceptor.doInvoke(QueryExecutorMethodInterceptor.java:167) ~[spring-data-commons-4.1.0.jar:4.1.0]
	at org.springframework.data.repository.core.support.QueryExecutorMethodInterceptor.invoke(QueryExecutorMethodInterceptor.java:146) ~[spring-data-commons-4.1.0.jar:4.1.0]
	at org.springframework.aop.framework.ReflectiveMethodInvocation.proceed(ReflectiveMethodInvocation.java:179) ~[spring-aop-7.0.8.jar:7.0.8]
	at org.springframework.data.projection.DefaultMethodInvokingMethodInterceptor.invoke(DefaultMethodInvokingMethodInterceptor.java:69) ~[spring-data-commons-4.1.0.jar:4.1.0]
	at org.springframework.aop.framework.ReflectiveMethodInvocation.proceed(ReflectiveMethodInvocation.java:179) ~[spring-aop-7.0.8.jar:7.0.8]
	at org.springframework.transaction.interceptor.TransactionInterceptor$1.proceedWithInvocation(TransactionInterceptor.java:133) ~[spring-tx-7.0.8.jar:7.0.8]
	at org.springframework.transaction.interceptor.TransactionAspectSupport.invokeWithinTransaction(TransactionAspectSupport.java:371) ~[spring-tx-7.0.8.jar:7.0.8]
	at org.springframework.transaction.interceptor.TransactionInterceptor.invoke(TransactionInterceptor.java:130) ~[spring-tx-7.0.8.jar:7.0.8]
	at org.springframework.aop.framework.ReflectiveMethodInvocation.proceed(ReflectiveMethodInvocation.java:179) ~[spring-aop-7.0.8.jar:7.0.8]
	at org.springframework.dao.support.PersistenceExceptionTranslationInterceptor.invoke(PersistenceExceptionTranslationInterceptor.java:135) ~[spring-tx-7.0.8.jar:7.0.8]
	... 55 common frames omitted
Caused by: java.lang.IllegalArgumentException: argument type mismatch
	at java.base/jdk.internal.reflect.DirectConstructorHandleAccessor.newInstance(DirectConstructorHandleAccessor.java:70) ~[na:na]
	at java.base/java.lang.reflect.Constructor.newInstanceWithCaller(Constructor.java:499) ~[na:na]
	at java.base/java.lang.reflect.Constructor.newInstance(Constructor.java:483) ~[na:na]
	at org.hibernate.jpa.spi.NativeQueryConstructorTransformer.transformTuple(NativeQueryConstructorTransformer.java:104) ~[hibernate-core-7.4.1.Final.jar:7.4.1.Final]
	... 88 common frames omitted
Caused by: java.lang.ClassCastException: Cannot cast java.lang.String to java.util.Set
	at java.base/java.lang.Class.cast(Class.java:3921) ~[na:na]
	at java.base/jdk.internal.reflect.DirectConstructorHandleAccessor.newInstance(DirectConstructorHandleAccessor.java:67) ~[na:na]
	... 91 common frames omitted

2026-08-04T19:08:29.132+05:30  INFO 19164 --- [bookstore] [SpringApplicationShutdownHook] o.s.boot.tomcat.GracefulShutdown         : Commencing graceful shutdown. Waiting for active requests to complete
2026-08-04T19:08:29.400+05:30  INFO 19164 --- [bookstore] [tomcat-shutdown] o.s.boot.tomcat.GracefulShutdown         : Graceful shutdown complete
2026-08-04T19:08:29.405+05:30  INFO 19164 --- [bookstore] [SpringApplicationShutdownHook] j.LocalContainerEntityManagerFactoryBean : Closing JPA EntityManagerFactory for persistence unit 'default'
2026-08-04T19:08:29.408+05:30  INFO 19164 --- [bookstore] [SpringApplicationShutdownHook] com.zaxxer.hikari.HikariDataSource       : HikariPool-1 - Shutdown initiated...
2026-08-04T19:08:29.412+05:30  INFO 19164 --- [bookstore] [SpringApplicationShutdownHook] com.zaxxer.hikari.HikariDataSource       : HikariPool-1 - Shutdown completed.
2026-08-04T19:09:08.018+05:30  INFO 16032 --- [bookstore] [main] com.tss.bookstore.BookstoreApplication   : Starting BookstoreApplication using Java 18.0.2.1 with PID 16032 (C:\prince\assignment1\bookstore\target\classes started by Prince.Kakadiya in C:\prince\assignment1\bookstore)
2026-08-04T19:09:08.021+05:30 DEBUG 16032 --- [bookstore] [main] com.tss.bookstore.BookstoreApplication   : Running with Spring Boot v4.1.0, Spring v7.0.8
2026-08-04T19:09:08.028+05:30  INFO 16032 --- [bookstore] [main] com.tss.bookstore.BookstoreApplication   : No active profile set, falling back to 1 default profile: "default"
2026-08-04T19:09:08.831+05:30  INFO 16032 --- [bookstore] [main] .s.d.r.c.RepositoryConfigurationDelegate : Bootstrapping Spring Data JPA repositories in DEFAULT mode.
2026-08-04T19:09:08.919+05:30  INFO 16032 --- [bookstore] [main] .s.d.r.c.RepositoryConfigurationDelegate : Finished Spring Data repository scanning in 80 ms. Found 9 JPA repository interfaces.
2026-08-04T19:09:09.346+05:30  INFO 16032 --- [bookstore] [main] o.s.boot.tomcat.TomcatWebServer          : Tomcat initialized with port 8080 (http)
2026-08-04T19:09:09.361+05:30  INFO 16032 --- [bookstore] [main] o.apache.catalina.core.StandardService   : Starting service [Tomcat]
2026-08-04T19:09:09.362+05:30  INFO 16032 --- [bookstore] [main] o.apache.catalina.core.StandardEngine    : Starting Servlet engine: [Apache Tomcat/11.0.22]
2026-08-04T19:09:09.444+05:30  INFO 16032 --- [bookstore] [main] b.w.c.s.WebApplicationContextInitializer : Root WebApplicationContext: initialization completed in 1356 ms
2026-08-04T19:09:09.609+05:30  INFO 16032 --- [bookstore] [main] org.hibernate.orm.jpa                    : HHH008540: Processing PersistenceUnitInfo [name: default]
2026-08-04T19:09:09.672+05:30  INFO 16032 --- [bookstore] [main] org.hibernate.orm.core                   : HHH000001: Hibernate ORM core version 7.4.1.Final
2026-08-04T19:09:10.115+05:30  INFO 16032 --- [bookstore] [main] o.s.o.j.p.SpringPersistenceUnitInfo      : No LoadTimeWeaver setup: ignoring JPA class transformer
2026-08-04T19:09:10.151+05:30  INFO 16032 --- [bookstore] [main] com.zaxxer.hikari.HikariDataSource       : HikariPool-1 - Starting...
2026-08-04T19:09:10.431+05:30  INFO 16032 --- [bookstore] [main] com.zaxxer.hikari.pool.HikariPool        : HikariPool-1 - Added connection org.postgresql.jdbc.PgConnection@4ec8d9b2
2026-08-04T19:09:10.433+05:30  INFO 16032 --- [bookstore] [main] com.zaxxer.hikari.HikariDataSource       : HikariPool-1 - Start completed.
2026-08-04T19:09:10.510+05:30  INFO 16032 --- [bookstore] [main] org.hibernate.orm.connections.pooling    : HHH10001005: Database info:
	Database JDBC URL [jdbc:postgresql://localhost:5432/bookstore_db]
	Database driver: PostgreSQL JDBC Driver
	Database dialect: PostgreSQLDialect
	Database version: 18.4
	Default catalog/schema: bookstore_db/public
	Autocommit mode: undefined/unknown
	Isolation level: READ_COMMITTED [default READ_COMMITTED]
	JDBC fetch size: none
	Pool: DataSourceConnectionProvider
	Minimum pool size: undefined/unknown
	Maximum pool size: undefined/unknown
2026-08-04T19:09:12.064+05:30  INFO 16032 --- [bookstore] [main] org.hibernate.orm.core                   : HHH000489: No JTA platform available (set 'hibernate.transaction.jta.platform' to enable JTA platform integration)
2026-08-04T19:09:12.183+05:30  INFO 16032 --- [bookstore] [main] j.LocalContainerEntityManagerFactoryBean : Initialized JPA EntityManagerFactory for persistence unit 'default'
2026-08-04T19:09:12.244+05:30  INFO 16032 --- [bookstore] [main] o.s.d.j.r.query.QueryEnhancerFactories   : Hibernate is in classpath; If applicable, HQL parser will be used.
2026-08-04T19:09:13.225+05:30  WARN 16032 --- [bookstore] [main] JpaBaseConfiguration$JpaWebConfiguration : spring.jpa.open-in-view is enabled by default. Therefore, database queries may be performed during view rendering. Explicitly configure spring.jpa.open-in-view to disable this warning
2026-08-04T19:09:13.596+05:30  INFO 16032 --- [bookstore] [main] o.s.boot.tomcat.TomcatWebServer          : Tomcat started on port 8080 (http) with context path '/'
2026-08-04T19:09:13.603+05:30  INFO 16032 --- [bookstore] [main] com.tss.bookstore.BookstoreApplication   : Started BookstoreApplication in 6.102 seconds (process running for 7.132)
2026-08-04T19:09:18.991+05:30  INFO 16032 --- [bookstore] [http-nio-8080-exec-1] o.a.c.c.C.[Tomcat].[localhost].[/]       : Initializing Spring DispatcherServlet 'dispatcherServlet'
2026-08-04T19:09:18.991+05:30  INFO 16032 --- [bookstore] [http-nio-8080-exec-1] o.s.web.servlet.DispatcherServlet        : Initializing Servlet 'dispatcherServlet'
2026-08-04T19:09:18.993+05:30  INFO 16032 --- [bookstore] [http-nio-8080-exec-1] o.s.web.servlet.DispatcherServlet        : Completed initialization in 1 ms
2026-08-04T19:09:19.048+05:30 DEBUG 16032 --- [bookstore] [http-nio-8080-exec-1] c.tss.bookstore.service.BookServiceImpl  : Fetching books. page=0, size=10
2026-08-04T19:09:34.605+05:30 DEBUG 16032 --- [bookstore] [http-nio-8080-exec-2] c.tss.bookstore.service.BookServiceImpl  : Fetching books. page=0, size=2
2026-08-04T19:09:39.551+05:30  INFO 16032 --- [bookstore] [SpringApplicationShutdownHook] o.s.boot.tomcat.GracefulShutdown         : Commencing graceful shutdown. Waiting for active requests to complete
2026-08-04T19:09:39.799+05:30  INFO 16032 --- [bookstore] [tomcat-shutdown] o.s.boot.tomcat.GracefulShutdown         : Graceful shutdown complete
2026-08-04T19:09:39.807+05:30  INFO 16032 --- [bookstore] [SpringApplicationShutdownHook] j.LocalContainerEntityManagerFactoryBean : Closing JPA EntityManagerFactory for persistence unit 'default'
2026-08-04T19:09:39.819+05:30  INFO 16032 --- [bookstore] [SpringApplicationShutdownHook] com.zaxxer.hikari.HikariDataSource       : HikariPool-1 - Shutdown initiated...
2026-08-04T19:09:39.826+05:30  INFO 16032 --- [bookstore] [SpringApplicationShutdownHook] com.zaxxer.hikari.HikariDataSource       : HikariPool-1 - Shutdown completed.
